data,Open,High,Low,Close,Volume,Buy,Sell,Avg,Wlc,DifAW
2020-04-23 11:14,7089.23,7100.0,7088.01,7096.21,97.842969,47.48476000000002,50.358209,7093.3625,7095.1075,1.7449999999998909
2020-04-23 11:19,7096.3,7096.66,7085.54,7088.79,91.682525,37.294883999999996,54.387641,7091.8225,7089.945,-1.8775000000005093
2020-04-23 11:24,7088.56,7089.58,7078.0,7080.75,99.070648,43.899039000000016,55.17160899999999,7084.222500000001,7082.27,-1.9525000000003274
2020-04-23 11:29,7080.61,7092.11,7080.49,7090.0,65.098187,27.955644000000003,37.14254300000002,7085.8025,7088.15,2.3474999999998545
2020-04-23 11:34,7090.01,7091.95,7074.08,7076.0,202.090132,115.10888000000003,86.98125199999998,7083.01,7079.5075,-3.5025000000005093
2020-04-23 11:39,7076.0,7078.85,7071.38,7075.39,63.243861,24.238316999999995,39.00554400000001,7075.405,7075.2525000000005,-0.15249999999923602
2020-04-23 11:44,7075.8,7085.25,7070.02,7083.21,146.023492,90.684707,55.338785,7078.57,7080.422500000001,1.8525000000008731
2020-04-23 11:49,7083.36,7083.36,7071.77,7072.43,95.445449,28.385018000000002,67.060431,7077.7300000000005,7074.9975,-2.7325000000000728
2020-04-23 11:54,7072.43,7076.45,7063.77,7071.66,224.902262,113.07605000000007,111.826212,7071.0775,7070.885,-0.19250000000010914
2020-04-23 11:59,7071.75,7073.99,7058.12,7062.57,230.664648,109.75393700000005,120.91071100000002,7066.6075,7064.3125,-2.2950000000000728
2020-04-23 12:04,7062.22,7073.98,7059.37,7069.7,236.979498,84.33130200000001,152.64819599999993,7066.3175,7068.1875,1.8699999999998909
2020-04-23 12:09,7069.88,7078.21,7069.87,7077.13,152.255317,100.51820099999999,51.737116,7073.7725,7075.585,1.8125
2020-04-23 12:14,7076.58,7077.0,7072.0,7072.0,76.853644,49.02597399999998,27.827669999999998,7074.395,7073.25,-1.1450000000004366
2020-04-23 12:19,7072.01,7073.64,7064.46,7071.55,113.131098,69.616986,43.51411200000004,7070.415000000001,7070.3,-0.11500000000069122
2020-04-23 12:24,7071.6,7079.86,7067.03,7077.53,231.785962,106.29719799999998,125.43876400000002,7074.004999999999,7075.487499999999,1.4825000000000728
2020-04-23 12:29,7077.61,7084.24,7075.11,7082.83,80.957288,48.99796,31.959328000000014,7079.9475,7081.2525,1.3049999999993815
2020-04-23 12:34,7082.83,7098.0,7078.61,7091.02,182.037999,97.27419799999998,84.76380100000003,7087.615,7089.6625,2.047500000000582
2020-04-23 12:39,7091.02,7097.0,7089.5,7094.93,311.088821,186.04371300000014,125.04510800000003,7093.1125,7094.09,0.9774999999999636
2020-04-23 12:44,7094.93,7137.56,7090.86,7124.78,789.499422,498.80649999999997,290.69292199999995,7112.0325,7119.495,7.462499999999636
2020-04-23 12:49,7124.87,7144.0,7124.23,7134.45,777.450222,501.3147729999997,276.1354489999999,7131.8875,7134.282499999999,2.394999999999527
2020-04-23 12:54,7133.65,7136.98,7121.0,7128.9,271.200374,147.69387899999987,123.50649499999997,7130.1325,7128.945,-1.1875
2020-04-23 12:59,7128.9,7134.99,7121.01,7133.39,271.401504,125.45244100000001,145.94906300000005,7129.5725,7130.695,1.1224999999994907
2020-04-23 13:04,7133.89,7149.99,7125.89,7138.51,484.278842,299.94664100000017,184.33220099999997,7137.07,7138.225,1.1550000000006548
2020-04-23 13:09,7138.71,7139.41,7108.23,7119.29,304.783841,139.11615199999994,165.66768899999997,7126.41,7121.555,-4.854999999999563
2020-04-23 13:14,7119.0,7126.97,7119.0,7124.07,117.583572,63.65066100000003,53.932910999999976,7122.26,7123.5275,1.2674999999999272
2020-04-23 13:19,7124.07,7133.9,7123.16,7129.02,208.739731,119.19179999999996,89.54793099999998,7127.5375,7128.775,1.2374999999992724
2020-04-23 13:24,7129.02,7150.0,7129.02,7149.0,503.836714,370.3617430000002,133.47497100000004,7139.26,7144.255,4.994999999999891
2020-04-23 13:29,7148.99,7168.83,7148.99,7154.26,1060.483492,603.6687060000002,456.15763000000004,7155.2675,7156.585,1.3175000000001091
2020-04-23 13:34,7154.07,7161.69,7147.03,7153.01,256.403755,128.19225400000005,128.21150100000006,7153.95,7153.6849999999995,-0.2650000000003274
2020-04-23 13:39,7153.03,7168.2,7145.25,7168.2,283.617701,192.55195200000014,91.06574899999998,7158.67,7162.4625,3.7924999999995634
2020-04-23 13:44,7168.25,7179.87,7162.0,7168.55,513.529443,259.7910620000001,253.73838099999995,7169.6675,7169.7425,0.0750000000007276
2020-04-23 13:49,7168.5,7178.96,7161.17,7166.04,339.227021,169.04969800000003,170.17732299999992,7168.6675000000005,7168.0525,-0.6150000000006912
2020-04-23 13:54,7166.6,7167.99,7158.66,7158.83,187.039298,72.84953499999996,114.18976299999993,7163.02,7161.077499999999,-1.9425000000010186
2020-04-23 13:59,7158.98,7175.0,7158.56,7167.7,272.954962,171.803997,101.15096499999997,7165.06,7167.24,2.1799999999993815
2020-04-23 14:04,7168.13,7172.28,7149.66,7151.58,262.324763,99.20074300000003,163.12401999999997,7160.412499999999,7156.275,-4.137499999999818
2020-04-23 14:09,7150.39,7158.0,7149.67,7155.1,150.524391,81.845927,68.67846399999999,7153.29,7154.467500000001,1.1775000000006912
2020-04-23 14:14,7155.12,7169.91,7155.01,7160.21,169.101865,99.17719000000001,69.92467500000001,7160.0625,7161.335,1.2725000000000364
2020-04-23 14:19,7160.22,7163.6,7150.27,7152.91,196.510796,72.22803,124.28276599999995,7156.75,7154.922500000001,-1.827499999999418
2020-04-23 14:24,7153.28,7163.71,7152.54,7163.63,147.78673,102.53131000000013,45.255419999999994,7158.29,7160.8775000000005,2.5875000000005457
2020-04-23 14:29,7163.09,7170.0,7160.0,7161.84,144.586961,55.28536199999998,89.30159900000001,7163.7325,7163.42,-0.3125
2020-04-23 14:34,7162.44,7178.3,7152.0,7174.69,528.201507,337.09277400000013,191.10873299999994,7166.857499999999,7169.92,3.0625000000009095
2020-04-23 14:39,7174.41,7240.0,7174.33,7215.88,3066.066289,2054.9193850000033,1011.1469039999997,7201.155,7211.5225,10.367500000000291
2020-04-23 14:44,7215.88,7223.85,7202.95,7212.71,549.667374,259.24089499999997,290.426479,7213.8475,7213.055,-0.7924999999995634
2020-04-23 14:49,7212.71,7222.78,7202.03,7222.33,406.76041,198.53000500000002,208.23040500000008,7214.9625,7217.3675,2.405000000000655
2020-04-23 14:54,7222.19,7250.0,7214.78,7249.66,851.18671,557.0083800000001,294.17832999999996,7234.157499999999,7241.025,6.867500000000291
2020-04-23 14:59,7249.66,7250.0,7226.02,7233.68,740.346493,367.56828499999983,372.77820800000006,7239.84,7235.845,-3.994999999999891
2020-04-23 15:04,7233.69,7288.38,7233.69,7288.22,1644.492133,1065.6170529999984,578.8750799999997,7260.995,7274.6275000000005,13.632500000000618
2020-04-23 15:09,7287.95,7383.0,7286.04,7366.0,4149.433521,2536.474728000004,1612.9555330000003,7330.7475,7350.26,19.512499999999818
2020-04-23 15:14,7367.24,7373.0,7345.09,7349.99,1410.224439,529.0011669999994,881.2232719999997,7358.83,7354.5175,-4.3125
2020-04-23 15:19,7349.94,7411.0,7349.13,7410.99,1741.971964,1096.9665650000004,645.0053989999994,7380.265,7395.5275,15.262499999999818
2020-04-23 15:24,7411.0,7738.0,7402.39,7590.69,7619.679016,4503.85756,3115.823956000001,7535.5199999999995,7580.442499999999,44.92249999999967
2020-04-23 15:29,7590.06,7616.6,7477.09,7524.82,3635.601508,1810.2359020000004,1825.3656059999994,7552.142500000001,7535.8325,-16.3100000000004
2020-04-23 15:34,7523.68,7598.44,7522.98,7539.29,2581.21214,1328.4622199999967,1252.7499199999997,7546.0975,7550.0,3.9025000000001455
2020-04-23 15:39,7536.24,7560.0,7517.43,7520.38,1275.253852,638.884971,636.3688810000006,7533.512500000001,7529.547500000001,-3.9650000000001455
2020-04-23 15:44,7520.4,7545.22,7477.0,7523.14,1860.281871,1035.7123260000005,824.5695449999994,7516.4400000000005,7517.125,0.6849999999994907
2020-04-23 15:49,7523.1,7558.48,7520.0,7543.98,1015.51548,520.9788059999996,494.5366740000002,7536.389999999999,7541.61,5.220000000000255
2020-04-23 15:54,7544.6,7550.5,7520.33,7545.96,938.97185,413.97198799999984,524.9998620000007,7540.3475,7540.6875,0.3400000000001455
2020-04-23 15:59,7545.61,7560.0,7535.7,7536.36,760.871897,389.1869080000003,371.68498900000037,7544.4175000000005,7542.105,-2.3125000000009095
2020-04-23 16:04,7537.27,7554.44,7536.02,7549.79,644.713324,348.3147030000002,296.33832600000005,7544.38,7547.51,3.130000000000109
2020-04-23 16:09,7549.58,7551.0,7513.0,7527.98,749.287223,287.4140170000001,461.8732059999997,7535.389999999999,7529.99,-5.399999999999636
2020-04-23 16:14,7527.99,7528.29,7455.33,7490.0,1446.269637,666.2500359999997,780.0216149999999,7500.4025,7490.905,-9.4975000000004
2020-04-23 16:19,7490.0,7512.41,7489.45,7500.3,813.450706,397.69785400000046,415.75285199999985,7498.04,7500.615,2.574999999999818
2020-04-23 16:24,7501.28,7534.52,7494.93,7523.65,593.174532,280.2734369999999,312.90109500000017,7513.594999999999,7519.1875,5.592500000000655
2020-04-23 16:29,7523.65,7532.81,7513.31,7527.05,522.556979,269.6619510000001,252.8950280000001,7524.205,7525.055,0.8500000000003638
2020-04-23 16:34,7526.11,7542.5,7525.28,7535.5,521.913536,250.52582799999982,271.3877080000001,7532.3475,7534.695,2.3474999999998545
2020-04-23 16:39,7535.49,7543.81,7527.39,7541.34,492.808979,203.72039500000002,289.08858399999997,7537.0075,7538.47,1.4625000000005457
2020-04-23 16:44,7541.34,7550.0,7532.7,7539.41,429.766857,179.775149,249.9917079999999,7540.8625,7540.38,-0.48250000000007276
2020-04-23 16:49,7539.99,7546.8,7534.64,7544.16,280.526972,134.78938999999994,145.73758200000003,7541.397499999999,7542.4400000000005,1.0425000000013824
2020-04-23 16:54,7544.16,7550.0,7536.09,7538.84,246.600353,136.48746099999997,110.112892,7542.2725,7540.9425,-1.3299999999999272
2020-04-23 16:59,7539.28,7546.49,7511.93,7530.1,477.783916,188.45278200000004,289.33113400000013,7531.95,7529.655000000001,-2.2949999999991633
2020-04-23 17:04,7528.78,7600.0,7528.28,7577.75,1380.083421,785.2167809999979,594.86664,7558.702499999999,7570.945,12.242500000000291
2020-04-23 17:09,7576.8,7580.0,7529.29,7541.17,507.510403,217.7813440000001,289.729059,7556.815,7547.9075,-8.907499999999345
2020-04-23 17:14,7540.37,7555.0,7537.79,7554.26,474.308679,251.45592099999973,222.84370999999987,7546.8550000000005,7550.3275,3.4724999999998545
2020-04-23 17:19,7554.15,7554.16,7541.0,7541.22,371.676088,187.21176,184.46432800000002,7547.6325,7544.4,-3.2325000000000728
2020-04-23 17:24,7541.29,7545.98,7531.0,7540.51,454.705681,165.816202,288.8894789999998,7539.695,7539.5,-0.19499999999970896
2020-04-23 17:29,7540.87,7550.18,7533.55,7549.44,432.210866,167.7368830000001,264.47398300000026,7543.509999999999,7545.6525,2.1425000000008367
2020-04-23 17:34,7549.81,7551.36,7533.67,7542.53,327.314765,144.53736199999994,182.77740300000002,7544.3425,7542.522499999999,-1.8200000000006185
2020-04-23 17:39,7542.53,7542.54,7530.0,7531.83,238.134047,90.13820599999991,147.995841,7536.725,7534.05,-2.675000000000182
2020-04-23 17:44,7531.83,7531.83,7490.0,7497.53,750.161636,289.74601,460.41562600000003,7512.797500000001,7504.2225,-8.575000000000728
2020-04-23 17:49,7497.5,7530.0,7486.0,7508.0,933.874594,459.90976299999994,474.0199660000005,7505.375,7508.0,2.625
2020-04-23 17:54,7508.01,7510.19,7485.0,7506.79,654.068633,251.76462300000009,402.30401,7502.4974999999995,7502.192499999999,-0.30500000000029104
2020-04-23 17:59,7506.78,7514.51,7501.42,7504.91,354.007678,172.027629,181.980049,7506.905,7506.4375,-0.46749999999974534
2020-04-23 18:04,7505.0,7527.84,7504.99,7524.6,350.265176,186.28818900000007,163.97698700000004,7515.6075,7520.5075,4.899999999999636
2020-04-23 18:09,7524.6,7530.0,7520.02,7522.56,319.866842,164.07893500000011,155.78790700000002,7524.295,7523.785,-0.5100000000002183
2020-04-23 18:14,7522.56,7536.77,7516.57,7532.76,337.465102,111.30890499999998,226.1561969999998,7527.165,7529.715,2.550000000000182
2020-04-23 18:19,7532.76,7544.0,7527.25,7528.0,307.109355,132.51808400000004,174.591271,7533.0025000000005,7531.8125,-1.1900000000005093
2020-04-23 18:24,7528.85,7535.03,7510.16,7534.66,267.340248,124.24403999999996,143.096208,7527.174999999999,7528.6275,1.4525000000003274
2020-04-23 18:29,7534.66,7538.0,7518.0,7521.0,306.895781,132.74924400000012,174.1465370000001,7527.915,7524.5,-3.4149999999999636
2020-04-23 18:34,7521.0,7529.39,7516.64,7523.34,189.709368,74.78558600000002,114.92378199999995,7522.592500000001,7523.1775,0.5849999999991269
2020-04-23 18:39,7523.5,7530.0,7520.64,7525.6,244.394445,170.764699,73.62974599999998,7524.9349999999995,7525.46,0.5250000000005457
2020-04-23 18:44,7525.64,7528.49,7520.0,7521.5,129.391396,50.3585,79.03289599999998,7523.907499999999,7522.8724999999995,-1.0349999999998545
2020-04-23 18:49,7521.33,7554.64,7520.5,7550.93,448.172191,258.79463499999997,189.3775560000001,7536.85,7544.25,7.399999999999636
2020-04-23 18:54,7551.1,7553.7,7540.0,7541.46,203.223735,105.09524099999993,98.128494,7546.5650000000005,7544.155000000001,-2.4099999999998545
2020-04-23 18:59,7541.09,7554.75,7541.05,7551.14,177.218002,98.75697599999988,78.46102600000002,7547.0075,7549.52,2.5125000000007276
2020-04-23 19:04,7551.45,7570.0,7550.0,7562.39,332.967003,188.3282430000001,144.63876000000002,7558.46,7561.195,2.7349999999996726
2020-04-23 19:09,7562.39,7567.82,7526.76,7530.7,411.557621,184.5347350000001,227.02288599999991,7546.9175,7538.995,-7.922499999999673
2020-04-23 19:14,7530.64,7531.74,7512.05,7525.69,442.363884,168.90721000000008,273.45667400000013,7525.03,7523.7925,-1.237500000000182
2020-04-23 19:19,7525.5,7529.54,7520.0,7521.02,137.813591,55.67491499999997,82.13867599999998,7524.015,7522.895,-1.1199999999998909
2020-04-23 19:24,7520.41,7530.0,7520.0,7529.99,147.996215,77.20638699999995,70.78982799999997,7525.099999999999,7527.495,2.3950000000004366
2020-04-23 19:29,7530.0,7535.01,7515.0,7521.05,142.327206,54.072377999999986,88.25482799999997,7525.265,7523.0275,-2.237500000000182
2020-04-23 19:34,7521.07,7534.56,7520.13,7532.29,113.878583,60.10473399999999,53.773849,7527.0125,7529.8175,2.805000000000291
2020-04-23 19:39,7531.9,7532.17,7520.0,7522.14,176.695074,99.11838699999998,77.57668699999998,7526.5525,7524.1125,-2.4399999999996
2020-04-23 19:44,7522.1,7538.46,7522.0,7533.01,165.610948,84.49569499999996,81.11525299999998,7528.8925,7531.62,2.7274999999999636
2020-04-23 19:49,7533.16,7538.16,7526.51,7529.53,122.611167,84.50571000000001,38.105457,7531.84,7530.9325,-0.9075000000002547
2020-04-23 19:54,7529.76,7545.0,7529.76,7536.74,120.583594,75.72754800000001,44.85604599999999,7535.3150000000005,7537.0599999999995,1.7449999999989814
2020-04-23 19:59,7535.71,7540.0,7533.34,7539.79,78.790425,44.969812999999995,33.82061199999999,7537.21,7538.23,1.019999999999527
2020-04-23 20:04,7539.0,7540.28,7513.0,7518.26,247.427051,130.70023399999997,116.72681699999998,7527.635,7522.45,-5.1850000000004
2020-04-23 20:09,7518.25,7528.86,7512.89,7520.65,195.802121,98.22000200000004,97.582119,7520.1625,7520.7625,0.5999999999994543
2020-04-23 20:14,7520.64,7525.85,7515.32,7519.03,147.33838,100.81291300000002,46.52546699999999,7520.21,7519.8075,-0.4025000000001455
2020-04-23 20:19,7519.9,7520.97,7510.0,7513.62,151.909056,71.60890500000001,80.300151,7516.1224999999995,7514.5525,-1.569999999999709
2020-04-23 20:24,7513.94,7527.56,7511.0,7525.19,143.352954,71.23131299999999,72.12164100000003,7519.4225,7522.235000000001,2.8125000000009095
2020-04-23 20:29,7525.98,7532.0,7521.61,7530.1,99.408176,59.22488000000001,40.18329599999999,7527.4225,7528.4525,1.0300000000006548
2020-04-23 20:34,7530.4,7535.0,7514.37,7534.73,260.075183,116.154027,143.921156,7528.625,7529.7074999999995,1.082499999999527
2020-04-23 20:39,7534.98,7535.0,7527.99,7533.13,132.838547,45.935706,86.90284099999998,7532.775,7532.3125,-0.4624999999996362
2020-04-23 20:44,7533.13,7544.98,7532.76,7532.97,156.948615,74.029466,82.919149,7535.96,7535.92,-0.03999999999996362
2020-04-23 20:49,7532.96,7536.9,7526.0,7536.0,132.530026,62.08349600000002,70.44653000000001,7532.965,7533.725,0.7600000000002183
2020-04-23 20:54,7536.0,7537.53,7521.86,7522.48,119.832271,47.491727999999995,72.340543,7529.4675,7526.0875,-3.380000000000109
2020-04-23 20:59,7522.49,7528.88,7520.0,7522.01,119.124954,47.877511,71.24744299999999,7523.344999999999,7523.225,-0.11999999999898137
2020-04-23 21:04,7522.0,7542.95,7520.0,7537.01,173.450122,75.37024299999999,98.07987899999998,7530.49,7534.2425,3.7525000000005093
2020-04-23 21:09,7537.0,7537.76,7525.47,7530.03,130.715225,40.18824099999999,90.526984,7532.565,7530.8225,-1.7424999999993815
2020-04-23 21:14,7530.39,7534.46,7523.24,7532.33,149.760249,63.61288999999998,86.14735900000002,7530.105,7530.59,0.4850000000005821
2020-04-23 21:19,7531.96,7557.34,7530.87,7548.51,297.311047,167.74803000000006,129.56301700000003,7542.17,7546.3075,4.137499999999818
2020-04-23 21:24,7548.51,7559.88,7546.48,7553.37,328.913256,153.028993,175.884263,7552.0599999999995,7553.275,1.2150000000001455
2020-04-23 21:29,7551.89,7555.0,7547.72,7549.82,165.758551,68.35517599999999,97.40337499999997,7551.1075,7550.59,-0.5174999999999272
2020-04-23 21:34,7549.82,7564.6,7549.82,7551.4,198.008163,82.16545300000001,115.84271000000003,7553.91,7554.305,0.39500000000043656
2020-04-23 21:39,7551.4,7556.69,7545.64,7548.87,127.447471,31.917736000000012,95.52973499999999,7550.65,7550.0175,-0.632499999999709
2020-04-23 21:44,7548.87,7553.39,7546.25,7552.0,74.834716,28.217967,46.616749,7550.1275,7550.91,0.7825000000002547
2020-04-23 21:49,7551.77,7554.65,7548.0,7549.4,100.911493,57.76719700000001,43.14429600000001,7550.955,7550.362499999999,-0.5925000000006548
2020-04-23 21:54,7550.23,7550.38,7526.01,7531.36,157.083785,56.608497,100.47528799999988,7539.495,7534.7775,-4.717499999999745
2020-04-23 21:59,7532.37,7538.41,7530.41,7531.87,126.274508,39.45827399999999,86.81623400000001,7533.264999999999,7533.139999999999,-0.125
2020-04-23 22:04,7531.43,7546.32,7531.06,7542.87,77.610509,54.16929300000001,23.441215999999997,7537.92,7540.780000000001,2.860000000000582
2020-04-23 22:09,7542.91,7544.49,7535.0,7540.07,56.993748,21.095541000000004,35.898207000000006,7540.617499999999,7539.907499999999,-0.7100000000000364
2020-04-23 22:14,7540.0,7542.54,7538.05,7542.13,62.847844,36.69675900000001,26.151084999999995,7540.68,7541.2125,0.5324999999993452
2020-04-23 22:19,7541.32,7565.72,7541.14,7558.29,281.185953,131.445435,149.74051800000004,7551.6175,7555.860000000001,4.242500000000291
2020-04-23 22:24,7558.6,7558.6,7545.01,7550.0,104.040019,50.25618000000001,53.78383900000001,7553.0525,7550.9025,-2.149999999999636
2020-04-23 22:29,7550.06,7560.0,7550.05,7553.26,75.419562,46.65940399999998,28.760157999999997,7553.3425,7554.1425,0.8000000000001819
2020-04-23 22:34,7554.16,7561.26,7554.07,7561.12,93.913912,46.584618000000006,47.329294,7557.6525,7559.3925,1.7399999999997817
2020-04-23 22:39,7561.26,7561.97,7557.04,7558.96,138.146055,44.32849,93.81756500000002,7559.807500000001,7559.2325,-0.5750000000007276
2020-04-23 22:44,7559.0,7564.31,7553.83,7563.11,133.983177,71.17534300000003,62.80783400000001,7560.0625,7561.09,1.0275000000001455
2020-04-23 22:49,7563.01,7587.0,7562.44,7586.7,519.672076,357.9410190000004,161.7310570000001,7574.7875,7580.709999999999,5.922499999998763
2020-04-23 22:54,7586.52,7616.16,7585.25,7594.78,893.485703,535.5441170000003,357.9415859999999,7595.6775,7597.7425,2.0650000000005093
2020-04-23 22:59,7594.77,7602.91,7580.26,7589.72,397.200162,182.08458000000007,215.115582,7591.915,7590.6525,-1.262499999999818
2020-04-23 23:04,7589.24,7598.0,7588.53,7590.11,96.364143,42.90126000000001,53.462883000000005,7591.469999999999,7591.6875,0.21750000000065484
2020-04-23 23:09,7590.04,7590.9,7571.54,7576.3,237.470849,56.13051900000002,181.34032999999974,7582.195,7578.76,-3.4349999999994907
2020-04-23 23:14,7576.3,7580.36,7565.42,7569.73,144.230779,56.649630999999964,87.58114799999994,7572.952499999999,7571.3099999999995,-1.6424999999999272
2020-04-23 23:19,7568.94,7569.88,7540.0,7546.33,315.9516,93.175511,222.77608900000007,7556.287499999999,7550.635,-5.652499999999236
2020-04-23 23:24,7546.43,7562.77,7541.79,7553.9,144.21857,69.57922200000002,74.63934799999998,7551.2225,7553.09,1.867500000000291
2020-04-23 23:29,7553.9,7562.0,7550.1,7556.56,80.369525,52.040749,28.328775999999994,7555.639999999999,7556.305,0.6650000000008731
2020-04-23 23:34,7556.51,7570.0,7552.11,7567.12,98.612787,57.31691300000001,41.295874,7561.4349999999995,7564.0875,2.6525000000001455
2020-04-23 23:39,7566.8,7569.02,7541.45,7554.03,175.118252,48.061239000000015,127.05701300000004,7557.825,7554.6325,-3.192500000000109
2020-04-23 23:44,7554.03,7564.23,7548.97,7562.53,136.917076,68.20811199999997,68.708964,7557.44,7559.5650000000005,2.1250000000009095
2020-04-23 23:49,7562.23,7563.28,7550.0,7555.23,85.588897,24.014168999999995,61.57472800000001,7557.6849999999995,7555.9349999999995,-1.75
2020-04-23 23:54,7555.56,7565.4,7550.09,7562.98,104.109129,45.193468,58.915661000000014,7558.507500000001,7560.362499999999,1.854999999998654
2020-04-23 23:59,7562.98,7564.07,7555.32,7563.51,101.218918,33.054610000000004,68.16430799999995,7561.47,7561.6025,0.13249999999970896
2020-04-24 00:04,7563.5,7563.55,7516.0,7517.01,401.142188,110.02661299999998,291.1155750000002,7540.014999999999,7528.3925,-11.62249999999949
2020-04-24 00:09,7517.0,7532.86,7515.0,7518.64,373.819714,136.345012,237.47470199999992,7520.875,7521.285,0.4099999999998545
2020-04-24 00:14,7518.64,7526.99,7485.0,7508.28,859.783796,361.70034299999986,498.08345299999957,7509.7275,7507.1375,-2.5900000000001455
2020-04-24 00:19,7508.26,7530.65,7506.83,7520.98,308.317151,156.34436900000006,151.97278199999988,7516.68,7519.86,3.1799999999993815
2020-04-24 00:24,7521.29,7526.47,7500.37,7503.51,270.672639,123.47952,147.1931189999999,7512.91,7508.465,-4.444999999999709
2020-04-24 00:29,7503.43,7524.21,7500.0,7509.75,189.733865,87.79757399999997,101.93629100000003,7509.3475,7510.9275,1.5799999999999272
2020-04-24 00:34,7509.49,7519.99,7491.27,7496.49,263.381254,127.69802699999993,135.683227,7504.3099999999995,7501.0599999999995,-3.25
2020-04-24 00:39,7496.35,7497.06,7420.0,7460.11,1541.486464,740.8544640000002,800.6319999999992,7468.380000000001,7459.32,-9.06000000000131
2020-04-24 00:44,7460.01,7480.0,7445.0,7479.69,411.734423,199.68496900000014,212.04945400000003,7466.174999999999,7471.094999999999,4.920000000000073
2020-04-24 00:49,7479.9,7481.77,7452.6,7465.32,447.389943,151.43556600000016,295.95437700000014,7469.897500000001,7466.2525000000005,-3.6450000000004366
2020-04-24 00:54,7465.33,7472.86,7461.01,7466.51,254.18027,83.29230099999998,170.88796899999994,7466.4275,7466.7225,0.29500000000007276
2020-04-24 00:59,7466.51,7487.27,7449.18,7482.39,247.649517,137.400168,110.249349,7471.3375,7475.307500000001,3.970000000001164
2020-04-24 01:04,7483.96,7517.39,7470.11,7513.43,452.357104,250.753086,201.6040180000001,7496.2225,7503.59,7.367500000000291
2020-04-24 01:09,7513.34,7514.75,7495.62,7499.18,296.536196,122.99568700000003,173.54050900000004,7505.7225,7502.1825,-3.5399999999999636
2020-04-24 01:14,7499.24,7523.75,7496.58,7518.15,218.479845,156.24101,62.238835,7509.43,7514.157499999999,4.727499999999054
2020-04-24 01:19,7518.03,7530.97,7495.04,7510.22,273.122606,102.00265600000007,171.11995000000002,7513.565,7511.6125,-1.952499999999418
2020-04-24 01:24,7509.65,7513.85,7507.0,7508.71,85.550461,47.903007,37.64745399999999,7509.8025,7509.5675,-0.23499999999967258
2020-04-24 01:29,7508.66,7508.99,7481.81,7495.0,318.603149,143.60363600000005,174.9995130000001,7498.615,7495.2,-3.4149999999999636
2020-04-24 01:34,7494.9,7504.34,7485.0,7487.17,139.724988,68.83581199999996,70.88917599999998,7492.852500000001,7490.92,-1.9325000000008004
2020-04-24 01:39,7487.14,7494.34,7484.72,7485.68,138.021621,63.54037100000001,74.48124999999999,7487.97,7487.6050000000005,-0.3649999999997817
2020-04-24 01:44,7485.03,7489.22,7476.92,7487.67,172.524426,90.73544699999992,81.78897899999998,7484.709999999999,7485.37,0.660000000000764
2020-04-24 01:49,7487.68,7499.98,7482.74,7499.0,128.348139,77.174992,51.17314699999999,7492.35,7495.18,2.8299999999999272
2020-04-24 01:54,7498.99,7503.17,7491.85,7494.41,154.616874,72.884534,81.73234000000004,7497.105,7495.96,-1.144999999999527
2020-04-24 01:59,7493.87,7499.75,7486.95,7489.01,137.058084,57.41818900000001,79.639895,7492.3949999999995,7491.18,-1.214999999999236
2020-04-24 02:04,7489.01,7503.17,7488.94,7502.79,105.676479,61.881855000000016,43.794624,7495.977500000001,7499.422500000001,3.444999999999709
2020-04-24 02:09,7502.79,7519.14,7502.67,7510.04,209.729551,120.61569600000001,89.126007,7508.660000000001,7510.4725,1.8124999999990905
2020-04-24 02:14,7510.05,7513.98,7501.39,7509.94,173.324033,53.229073000000014,120.09496000000021,7508.839999999999,7508.8125,-0.027499999999236024
2020-04-24 02:19,7509.94,7512.82,7504.0,7506.7,96.612939,42.09034300000002,54.52259600000002,7508.365,7507.555,-0.8099999999994907
2020-04-24 02:24,7506.7,7515.16,7495.66,7500.31,115.846907,53.16579900000001,62.68110799999998,7504.4575,7502.860000000001,-1.5974999999998545
2020-04-24 02:29,7500.0,7501.99,7492.8,7496.38,144.931354,47.270520999999995,97.66083300000003,7497.7925000000005,7496.887500000001,-0.9049999999997453
2020-04-24 02:34,7496.41,7503.25,7493.18,7501.8,119.099213,40.76687000000003,78.33234299999997,7498.66,7500.0075,1.3474999999998545
2020-04-24 02:39,7501.55,7502.7,7488.0,7491.6,187.524115,49.110471,138.41364399999998,7495.962500000001,7493.475,-2.487500000000182
2020-04-24 02:44,7491.82,7493.27,7464.96,7467.63,231.518669,90.72001900000004,140.79865,7479.42,7473.3724999999995,-6.047500000000582
2020-04-24 02:49,7467.92,7483.85,7457.95,7470.57,315.023608,122.15521899999999,192.86838900000004,7470.0725,7470.735,0.6624999999994543
2020-04-24 02:54,7470.57,7477.81,7461.69,7476.74,215.809717,133.58350599999997,82.22621099999999,7471.702499999999,7473.245,1.542500000000473
2020-04-24 02:59,7476.28,7486.17,7468.02,7482.01,157.905465,100.14669900000003,57.75876599999998,7478.12,7479.5525,1.4324999999998909
2020-04-24 03:04,7482.01,7490.5,7477.05,7489.83,199.334477,130.7518409999999,68.58263599999998,7484.8475,7486.8025,1.9549999999999272
2020-04-24 03:09,7489.55,7489.67,7478.2,7480.43,105.110966,42.772074999999994,62.33889099999998,7484.4625,7482.1825,-2.2799999999997453
2020-04-24 03:14,7480.43,7489.42,7474.6,7486.03,115.002901,49.92855400000001,65.07434700000002,7482.62,7484.02,1.4000000000005457
2020-04-24 03:19,7486.43,7492.3,7485.0,7489.25,294.940727,134.373648,160.56707899999998,7488.245,7488.95,0.7049999999999272
2020-04-24 03:24,7489.1,7503.8,7488.37,7501.0,187.931367,110.16294,77.76842700000002,7495.567499999999,7498.5425,2.975000000000364
2020-04-24 03:29,7501.0,7501.39,7490.0,7491.41,87.159764,34.52820899999999,52.631555000000006,7495.95,7493.5525,-2.3975000000000364
2020-04-24 03:34,7491.63,7501.9,7490.0,7497.27,107.256137,50.712721000000016,56.54341600000002,7495.2,7496.610000000001,1.410000000000764
2020-04-24 03:39,7497.13,7501.93,7490.83,7499.0,132.093806,42.48992399999999,89.60388200000001,7497.222500000001,7497.6900000000005,0.46749999999974534
2020-04-24 03:44,7499.67,7511.0,7495.27,7503.54,142.989729,74.14575199999994,68.843977,7502.370000000001,7503.3375,0.9674999999988358
2020-04-24 03:49,7503.44,7529.41,7502.63,7527.01,182.885679,107.15731399999997,75.72836499999998,7515.6225,7521.515,5.892499999999927
2020-04-24 03:54,7526.94,7532.86,7516.19,7520.52,321.097024,126.83993799999999,194.25708600000002,7524.1275,7522.5225,-1.6049999999995634
2020-04-24 03:59,7520.41,7525.73,7519.0,7520.07,95.349063,27.922787000000003,67.42627600000002,7521.3025,7521.2175,-0.08500000000003638
2020-04-24 04:04,7520.08,7521.14,7503.08,7508.23,211.501767,39.934674999999984,171.567092,7513.1325,7510.17,-2.962499999999636
2020-04-24 04:09,7508.61,7513.51,7504.24,7508.92,136.281737,67.84118000000004,68.44055699999998,7508.82,7508.8975,0.07750000000032742
2020-04-24 04:14,7509.9,7513.56,7507.0,7512.09,104.997474,28.959609999999998,76.03786399999997,7510.637500000001,7511.185,0.5474999999996726
2020-04-24 04:19,7511.16,7529.92,7510.43,7524.27,128.031252,87.92318500000002,40.108067,7518.945000000001,7522.2225,3.277499999999236
2020-04-24 04:24,7524.35,7528.88,7516.85,7521.95,108.584111,43.30712499999999,65.276986,7523.0075,7522.407499999999,-0.6000000000003638
2020-04-24 04:29,7522.39,7538.04,7521.7,7537.52,224.046302,133.83127399999998,90.215028,7529.9125,7533.695,3.782499999999345
2020-04-24 04:34,7537.64,7550.0,7527.93,7529.4,302.074732,174.19381300000035,127.880919,7536.2425,7534.1825,-2.0600000000004
2020-04-24 04:39,7529.23,7536.08,7525.01,7526.25,90.544698,46.867951000000005,43.676747000000006,7529.1425,7528.3975,-0.7449999999998909
2020-04-24 04:44,7526.12,7536.84,7525.44,7531.55,64.852208,32.756806,32.095402,7529.987499999999,7531.344999999999,1.3575000000000728
2020-04-24 04:49,7531.56,7534.45,7516.05,7518.05,120.379065,39.90476800000002,80.47429699999998,7525.0275,7521.65,-3.3775000000005093
2020-04-24 04:54,7518.05,7526.6,7516.69,7522.99,91.219845,58.418031000000006,32.801814,7521.0824999999995,7522.3175,1.235000000000582
2020-04-24 04:59,7522.96,7525.0,7518.61,7523.0,57.301537,37.85787600000002,19.443661,7522.3925,7522.4025,0.010000000000218279
2020-04-24 05:04,7522.95,7541.0,7522.14,7535.06,167.134066,108.56452800000002,58.569537999999994,7530.2875,7533.3150000000005,3.0275000000001455
2020-04-24 05:09,7534.96,7538.75,7527.79,7530.01,152.77754,60.67976,92.09778000000003,7532.8775000000005,7531.64,-1.237500000000182
2020-04-24 05:14,7529.93,7531.97,7510.26,7515.19,180.517263,63.273742,117.24352100000003,7521.8375,7518.1525,-3.6849999999994907
2020-04-24 05:19,7515.24,7518.93,7503.96,7511.99,161.706431,67.28364699999999,94.42278400000002,7512.529999999999,7511.7175,-0.8124999999990905
2020-04-24 05:24,7512.0,7512.0,7507.22,7510.82,77.649034,36.701479,40.947554999999994,7510.51,7510.215,-0.29500000000007276
2020-04-24 05:29,7510.82,7511.9,7496.82,7510.79,185.795142,85.176863,100.618279,7507.5824999999995,7507.575,-0.007499999999708962
2020-04-24 05:34,7510.85,7528.01,7503.0,7524.71,163.012837,101.76104500000001,61.251791999999966,7516.6425,7520.1075,3.4650000000001455
2020-04-24 05:39,7524.67,7526.88,7521.43,7522.55,62.791279,37.394049999999986,25.397228999999992,7523.8825,7523.352500000001,-0.5299999999988358
2020-04-24 05:44,7522.33,7533.28,7522.33,7530.0,102.70758,48.14404300000001,54.56353700000001,7526.985000000001,7528.9025,1.9174999999995634
2020-04-24 05:49,7529.7,7532.51,7527.22,7529.0,107.758898,41.851383000000006,65.907515,7529.6075,7529.4325,-0.1750000000001819
2020-04-24 05:54,7529.0,7529.48,7522.0,7523.71,86.419423,37.53576300000002,48.88366,7526.0475,7524.725,-1.3224999999993088
2020-04-24 05:59,7523.71,7544.0,7523.22,7541.85,279.482152,193.08171799999994,86.40043400000002,7533.195,7537.7300000000005,4.535000000000764
2020-04-24 06:04,7541.85,7544.8,7531.03,7532.13,159.128717,91.894558,67.23415899999998,7537.452499999999,7535.0225,-2.4299999999993815
2020-04-24 06:09,7532.11,7534.0,7509.01,7513.47,236.162331,85.77750200000001,150.38482900000005,7522.1475,7517.4875,-4.6599999999998545
2020-04-24 06:14,7513.22,7522.14,7510.01,7519.06,90.103684,44.07606999999999,46.027614,7516.107500000001,7517.567500000001,1.4600000000000364
2020-04-24 06:19,7519.66,7519.99,7510.4,7512.0,71.780929,27.578264,44.20266500000001,7515.5125,7513.5975,-1.9149999999999636
2020-04-24 06:24,7512.0,7515.01,7505.01,7511.43,111.984941,45.130742999999995,66.854198,7510.8625,7510.72,-0.14249999999992724
2020-04-24 06:29,7511.43,7518.0,7503.0,7518.0,140.667737,48.98940000000003,91.67833700000003,7512.6075,7514.25,1.6424999999999272
2020-04-24 06:34,7517.69,7522.4,7515.0,7520.96,136.383585,58.33032200000001,78.05326300000004,7519.0125,7519.83,0.8175000000001091
2020-04-24 06:39,7521.31,7524.99,7516.89,7520.94,78.267593,36.01251200000001,42.255081,7521.0325,7520.9400000000005,-0.09249999999974534
2020-04-24 06:44,7520.99,7524.74,7520.0,7522.4,93.430399,27.318817000000006,66.111582,7522.032499999999,7522.385,0.3525000000008731
2020-04-24 06:49,7521.54,7525.42,7519.74,7521.53,93.758006,37.39523300000001,56.362773,7522.0575,7522.055,-0.0024999999995998223
2020-04-24 06:54,7521.54,7521.54,7508.81,7510.0,233.834445,76.79533800000004,157.03910700000006,7515.4725,7512.5875,-2.8850000000002183
2020-04-24 06:59,7510.0,7516.99,7491.59,7495.59,200.748853,68.795311,131.953542,7503.5425,7499.9400000000005,-3.602499999999054
2020-04-24 07:04,7495.48,7506.76,7493.26,7502.68,147.653047,84.33763600000002,63.315410999999955,7499.545,7501.345,1.800000000000182
2020-04-24 07:09,7503.17,7513.82,7497.49,7509.69,141.78933,73.158672,68.630658,7506.0425,7507.6725,1.6300000000001091
2020-04-24 07:14,7509.69,7510.96,7502.01,7504.03,57.76173,30.446975000000002,27.314754999999998,7506.6725,7505.2575,-1.4149999999999636
2020-04-24 07:19,7504.04,7515.83,7504.01,7511.66,153.603706,61.825158999999985,91.77854700000005,7508.885,7510.79,1.9049999999997453
2020-04-24 07:24,7511.66,7516.95,7511.22,7512.99,112.010736,45.81689799999998,66.19383800000003,7513.205,7513.5375,0.33250000000043656
2020-04-24 07:29,7512.99,7513.83,7510.0,7511.14,79.298034,11.228205999999998,68.06982799999999,7511.99,7511.5275,-0.4624999999996362
2020-04-24 07:34,7511.35,7522.49,7509.1,7522.31,160.82875,112.01043800000004,48.81831199999999,7516.3125,7519.0525,2.7399999999997817
2020-04-24 07:39,7522.38,7530.0,7518.11,7527.9,180.750458,102.44991800000003,78.30054000000003,7524.597500000001,7525.9775,1.3799999999991996
2020-04-24 07:44,7527.88,7530.0,7520.71,7523.09,144.77016,30.762247999999985,114.00791200000002,7525.42,7524.2225,-1.1975000000002183
2020-04-24 07:49,7523.0,7529.97,7520.0,7526.82,110.287321,41.896024000000004,68.39129700000001,7524.9475,7525.9025,0.9549999999999272
2020-04-24 07:54,7526.14,7535.0,7522.26,7533.7,189.45355,126.83003600000005,62.623514000000014,7529.275,7531.165,1.8900000000003274
2020-04-24 07:59,7533.95,7535.0,7527.06,7531.09,94.540138,47.351679,47.188458999999995,7531.775000000001,7531.06,-0.7150000000001455
2020-04-24 08:04,7531.06,7531.96,7518.02,7524.92,94.179651,43.13497000000001,51.044681000000004,7526.490000000001,7524.955,-1.535000000000764
2020-04-24 08:09,7525.09,7550.0,7523.73,7541.47,352.589245,237.21557100000015,115.373674,7535.0725,7539.1675,4.094999999999345
2020-04-24 08:14,7541.47,7545.0,7533.54,7543.87,189.605467,110.08901400000005,79.51645299999998,7540.97,7541.57,0.5999999999994543
2020-04-24 08:19,7544.3,7548.0,7538.36,7540.0,245.325411,117.56695500000001,127.758456,7542.665,7541.59,-1.074999999999818
2020-04-24 08:24,7540.0,7543.27,7532.21,7535.63,261.997228,108.15956800000001,153.83766000000003,7537.7775,7536.6849999999995,-1.0925000000006548
2020-04-24 08:29,7535.69,7539.8,7527.64,7536.29,236.416581,67.99967099999998,168.41691,7534.855,7535.005,0.1500000000005457
2020-04-24 08:34,7536.43,7552.05,7533.29,7552.04,244.27884,123.58495900000008,120.69388099999998,7543.4525,7547.355,3.902499999999236
2020-04-24 08:39,7552.04,7571.1,7549.25,7560.07,554.962437,273.6772090000007,281.28522799999996,7558.115,7560.1224999999995,2.007499999999709
2020-04-24 08:44,7560.07,7578.85,7559.41,7571.96,378.959896,162.68958300000014,216.270313,7567.5725,7570.545,2.9724999999998545
2020-04-24 08:49,7571.48,7572.48,7557.7,7559.18,283.166076,106.53816799999998,176.627908,7565.21,7562.135,-3.074999999999818
2020-04-24 08:54,7559.59,7568.17,7555.12,7567.6,211.679024,109.055673,102.62335099999999,7562.62,7564.6225,2.0025000000005093
2020-04-24 08:59,7566.86,7586.92,7564.24,7568.68,285.288904,181.70101399999996,103.58789000000002,7571.675,7572.13,0.45499999999992724
2020-04-24 09:04,7568.68,7580.89,7543.71,7550.33,464.011966,179.08196500000003,284.9300010000001,7560.9025,7556.3150000000005,-4.587499999999636
2020-04-24 09:09,7550.29,7556.51,7520.0,7537.69,519.025339,196.05563799999993,322.96970100000004,7541.1225,7537.9725,-3.1500000000005457
2020-04-24 09:14,7537.67,7547.19,7532.41,7537.6,244.554347,99.64439499999997,144.90995200000012,7538.717499999999,7538.7,-0.017499999999017746
2020-04-24 09:19,7537.6,7551.62,7530.0,7546.59,264.34636,110.767455,153.5789050000001,7541.452499999999,7543.7,2.2475000000004
2020-04-24 09:24,7546.59,7556.0,7540.36,7555.15,152.803319,73.83555399999999,78.96776499999997,7549.525000000001,7551.665,2.139999999999418
2020-04-24 09:29,7555.54,7566.66,7555.54,7557.63,146.794195,88.709532,58.08466299999999,7558.842500000001,7559.365,0.5224999999991269
2020-04-24 09:34,7557.42,7558.28,7549.99,7552.57,211.992883,70.65818499999999,141.33469800000006,7554.5650000000005,7553.3525,-1.2125000000005457
2020-04-24 09:39,7552.5,7553.67,7540.0,7542.3,131.416444,42.930322000000004,88.48612199999998,7547.1175,7544.5675,-2.550000000000182
2020-04-24 09:44,7542.13,7548.44,7542.0,7546.39,150.561753,95.29117199999999,55.27058099999996,7544.74,7545.805,1.0650000000005093
2020-04-24 09:49,7546.39,7550.0,7536.32,7544.93,200.75715,117.769171,82.98797899999997,7544.41,7544.045,-0.3649999999997817
2020-04-24 09:54,7544.88,7557.52,7540.78,7556.43,122.868335,72.27566699999998,50.592668,7549.9025,7552.79,2.887499999999818
2020-04-24 09:59,7556.39,7560.61,7553.31,7555.89,104.37307,42.41633800000001,61.956731999999995,7556.55,7556.425,-0.125
2020-04-24 10:04,7554.97,7559.27,7548.09,7551.95,117.791563,41.451133,76.34042999999998,7553.570000000001,7552.8150000000005,-0.7550000000001091
2020-04-24 10:09,7552.03,7555.72,7544.41,7555.72,190.908702,85.54744600000001,105.36125600000003,7551.97,7552.8925,0.9224999999996726
2020-04-24 10:14,7555.72,7574.0,7549.33,7569.4,204.66709,110.54482299999998,94.12226700000004,7562.1125,7565.532499999999,3.4199999999991633
2020-04-24 10:19,7569.12,7573.9,7556.22,7562.43,194.977813,93.10455200000001,101.87326099999999,7565.4175,7563.745,-1.6724999999996726
2020-04-24 10:24,7562.42,7590.0,7561.51,7574.87,330.215519,219.11320700000013,111.10231200000004,7572.200000000001,7575.3125,3.1124999999992724
2020-04-24 10:29,7574.78,7615.96,7572.88,7605.09,1298.278214,477.974495,820.303718999999,7592.1775,7599.755,7.577500000000327
2020-04-24 10:34,7605.08,7609.72,7576.28,7584.58,792.389247,263.63969799999995,528.7495490000003,7593.915000000001,7588.79,-5.1250000000009095
2020-04-24 10:39,7584.59,7594.59,7576.03,7580.3,262.189722,162.199341,99.99038099999996,7583.8775,7582.805,-1.0724999999993088
2020-04-24 10:44,7580.88,7589.46,7572.85,7581.13,205.812971,120.86353700000002,84.949434,7581.080000000001,7581.1425,0.062499999999090505
2020-04-24 10:49,7580.84,7582.0,7570.27,7577.7,149.013533,72.25080899999999,76.76272399999996,7577.7025,7576.9175,-0.785000000000764
2020-04-24 10:54,7578.38,7586.64,7576.11,7584.66,164.341353,85.79062499999998,78.55072800000003,7581.4475,7583.0175,1.569999999999709
2020-04-24 10:59,7584.67,7587.02,7576.82,7578.06,99.413653,48.30436300000001,51.10929,7581.6425,7579.99,-1.6525000000001455
2020-04-24 11:04,7578.49,7579.19,7563.67,7568.91,167.913952,63.80418000000002,104.10977200000002,7572.5650000000005,7570.17,-2.3950000000004366
2020-04-24 11:09,7568.95,7572.53,7563.51,7563.92,64.144086,83.00300700000001,180.36992399999988,7567.2275,7565.97,-1.257499999999709
