p1,p2,p3,p4,p5,p6,p7,p8,rsi,rsi1,rsi2,rsi3,rsi4,rsi5,rsi6,rsi7,sto,sto1,sto2,sto3,sto4,sto5,sto6,sto7,macd,macd1,macd2,macd3,macd4,macd5,macd6,macd7,macdl,macd1l,macd2l,macd3l,macd4l,macd5l,macd6l,macd7l,macds,macd1s,macd2s,macd3s,macd4s,macd5s,macd6s,macd7s,stol,sto1l,sto2l,sto3l,sto4l,sto5l,sto6l,sto7l,stos,sto1s,sto2s,sto3s,sto4s,sto5s,sto6s,sto7s,Pred
6985.037833333334,7105.257555555555,7102.7545,7116.3025,7130.926833333332,7070.6831111111105,7104.9911111111105,7435.339239130434,60.75331664187136,60.71737182398336,50.813089289597634,54.97837005997846,49.15404891669981,41.99421291331261,58.26497335438303,69.3758269895901,2.0121176922594164,-1.7533325103856603,-0.468889711836525,0.5161131419327689,-0.16458309317253988,1.2268372465437691,-1.2797868071933554,0.08915499093642798,2.3543840443183703,-2.5431732176534814,0.11595450065376313,0.5236506878171905,-0.8066110570181426,0.2503041915918069,1.554035791430192,1.6571050714864208,9.701768913023988,15.507563755001787,0.29813144819474674,2.170688612101387,0.9204773341937754,-7.944112530987777,6.532380851024693,56.15550243696518,7.347384868705618,18.050736972655265,0.1821769475409836,1.6470379242841964,1.7270883912119182,-8.194416722579582,4.978345059594502,54.49839736547875,58.8033637444474,38.05035780947738,47.129823701767094,64.28383759087303,37.95460702472405,50.2189472741697,59.17529690766794,41.963002835565966,56.791246052187994,39.80369031986304,47.59871341360361,63.76772444894028,38.119190117896586,48.99211002762594,60.455083714861296,41.873847844629545,0
6845.403209876543,6864.595925925926,6893.065617283952,6995.312530864198,7105.220462962962,7125.297253086421,7079.882777777779,7421.519512195122,54.49706041846378,46.813858777481755,58.838110704432786,60.54386271376441,52.67472587800578,52.4052202492607,47.521139801497156,64.74789531551161,0.1645042264080014,0.04636799246106677,1.0236956823655052,-0.2873993917842301,-0.027130124862125123,-0.4825653552831938,0.5005578691741391,0.15793049606741194,0.5624872989481619,-0.576111821184601,0.5835244608788134,0.6415654181360428,-1.138729223128787,-0.10179285651835412,0.4974422806845263,-0.03229950110480797,4.725069989540528,-2.313129862862151,6.91396852226179,11.586690982726552,3.81187629309673,1.880032120171384,-3.4283945747122258,37.339111335644326,4.162582690592369,-1.7370180416775505,6.330444061382978,10.945125564590509,4.950605516225519,1.9818249766897376,-3.925836855396752,37.37141083674914,50.0187141970239,48.39535040338732,47.680654687155815,46.648454941010954,46.16480224205989,49.42813742694912,55.107006762985506,46.35890520893833,49.854209970615905,48.348982410926254,46.656959004790316,46.935854332795174,46.191932366922,49.91070278223231,54.606448893811375,46.200974712870924,0
7073.559444444445,7068.636666666666,7042.598333333332,6985.133333333332,6884.377500000001,6877.420277777777,6808.185555555556,6838.267,64.50438290239143,55.28462583610344,44.666259660096046,35.707865787628776,31.404291207030703,38.2825510370584,34.6269640479782,47.1586806708144,-11.02523643445393,9.473903143468004e-15,3.0007237725971465,-1.7378382324473982,-1.2628855401497214,2.6828604921519124,4.724546915255527,-4.103587024690278,1.2040552382621337,-2.272827618035502,-5.004732390484162,-7.018195943430997,-10.327192301386127,1.9255113382598656,-1.5561333303646323,7.328124188287338,16.6700937262078,11.974202840959961,0.2297825238609019,-13.910315722678911,-41.929458699631034,-35.19389078433798,-37.57432205608004,-22.63973163442552,15.466038487945664,14.24703045899546,5.234514914345064,-6.892119779247916,-31.60226639824491,-37.119402122597855,-36.01818872571541,-29.96785582271285,38.750770126132046,31.25656727372787,30.330822286025953,36.20635866826579,42.45597508138137,60.571011276136716,45.17017304706559,81.52954276423014,49.776006560586,31.256567273727864,27.3300985134288,37.94419690071321,43.71886062153109,57.88815078398479,40.445626131810066,85.63312978892044,0
7149.694166666666,7144.240277777778,7131.2325,7129.251666666668,7152.0247222222215,7160.660277777778,7176.4061111111105,7153.507,57.81215736522446,51.39346706745339,45.43334225105057,46.37495168356312,59.981595859460924,56.533360645323675,58.83728924485139,45.160597526624784,9.287894828198183,-9.287894828198183,1.708840419257103,8.471517219494203,-4.970023023632359,-4.357093516616504,6.454560168644725,-4.729623740622727,-0.29289112458331285,-2.1533380723864988,-2.4756569542454585,-0.6246180152441249,2.5126839920521897,1.3225783902954154,0.7968613217479389,-3.305120221583311,10.563841179787334,5.044267668916493,-1.4625997006960458,-2.768897440765108,3.143340173410353,6.300865378523969,8.648367436350984,2.1278379313704137,10.856732304370649,7.197605741302992,1.0130572535494122,-2.144279425520983,0.6306561813581631,4.9782869882285565,7.851506114603045,5.4329581529537245,41.2122609145292,38.482916152001174,56.239738991457024,68.61153822159065,59.590146194025365,32.12933032514048,47.674903402070036,19.629383343886346,31.92436608633102,47.77081098019936,54.53089857219991,60.14002100209643,64.56016921765772,36.486423841756995,41.22034323342531,24.359007084509074,0
7214.7491666666665,7223.0374999999985,7218.7675,7234.82111111111,7259.238333333333,7235.8025,7215.9825,7216.67475,59.27877951970213,58.816576707743884,52.444432090964305,62.881385715848744,64.98911407573078,46.96672331940903,42.359517294686206,45.058415824990405,1.490237329768792,-1.6867621178395655,-0.9912322944174063,4.319602531915893,-8.010327423429468,-3.1007836876816386,7.929447024264665,2.8634976781618047,1.1381866231710052,0.3616514504915041,-1.09645000128031,0.7274688147655113,2.1352594442416866,-2.8663839938654867,-3.6208328304597193,0.017979977591648398,5.077023001189951,6.000898520508398,3.7380224201204126,4.074890909154721,10.51786593052293,4.308241019800739,-6.254594640648367,-5.06036592428436,3.9388363780189457,5.639247070016893,4.834472421400721,3.3474220943892115,8.382606486281244,7.174625013666224,-2.6337618101886493,-5.078345901876008,62.37934802517218,39.9050764313943,30.488991168443423,91.63258896025422,43.48532983155527,9.931033853567827,76.98220598066284,52.91002047263543,60.889110695403396,41.59183854923386,31.480223462860824,87.31298642833836,51.49565725498474,13.031817541249467,69.05275895639818,50.04652279447362,0
6988.243124999999,6998.52125,7004.880625,7022.993125,7033.3375,7023.696875,7026.231875,6993.624722222222,45.5492898879094,50.0715264325064,51.95973517014975,56.572287315589286,58.87066677845091,52.39109930966879,52.52431458118153,44.573054588973505,-0.9020127974648972,19.430590776472663,-1.7111829611489553,3.4460781655504675,-15.093561993355735,6.807882690768808,-15.141216024102173,11.111111111111107,-6.262121808910321,-4.397769957836561,-0.8243784273585328,2.1166051005140933,3.1953061468441666,0.5608698247239223,0.563781799275844,-4.166098037127154,0.2509885051754281,-3.6740499667141653,-1.9564100677475835,2.046075273953875,6.111693984885732,4.936878490036179,5.944667245475331,-4.180688371887704,6.5131103140857505,0.7237199911223966,-1.132031640389051,-0.07052982656021847,2.9163878380415666,4.3760086653122565,5.3808854461994855,-0.014590334760551138,6.7842280374444215,73.30760859889007,57.74675907157725,89.7245375247693,67.3144264607297,38.334255667455224,45.465286565774015,39.361684516381786,7.686240834909318,53.8770178224174,59.45794203272621,86.27845935921884,82.40798845408544,31.52637297668642,60.60650258987617,28.25057340527069,0
6885.220756578948,6881.8282236842115,6829.808717105262,6735.83375,6673.926578947368,6671.008256578946,7008.5473026315785,7013.560493827161,45.10005369323201,53.89261195143467,37.955670140817254,50.2389202365989,38.56920084135538,59.81978667107352,58.091813964749186,51.38528948598283,-0.012186748887881096,-0.010092581853211135,0.3206842560305223,-0.3258257562571937,1.3157894736841858,-1.2432787648784207,0.06480567585426583,1.1057278366150824,-0.8327892878043771,0.32510796510929113,-1.479774187103644,1.6345867064274682,-1.6863205572490565,4.52329909156949,-3.0082221751354865,0.0007198514455904147,-4.666896770430377,2.320829707060954,-10.726667608694887,-3.0938102916889925,-13.850821717495364,11.782256731790072,26.54135134414364,0.3829609105519405,-3.834107482626,1.9957217419516629,-9.246893421591244,-4.728396998116461,-12.164501160246305,7.258957640220583,29.54957351927912,0.38224105910635,46.9764746219515,56.80255450920122,47.3500462563353,58.05206249020434,50.217177509066794,55.097402479102534,43.97117200014968,60.151641472762975,46.98866137083939,56.81264709105443,47.029362000304786,58.37788824646154,48.9013880353826,56.34068124398095,43.906366324295405,59.04591363614789,0
6841.254375,6833.054375,6830.33,6836.796875,6838.846875,6859.448125000001,6857.145,6893.915277777778,54.72228418090445,47.62572803464386,46.282200667202,52.710710249685995,52.66894211656388,63.65070789039133,59.03394127578167,69.44947115308283,-7.663459303198646,-0.8101706882766648,14.727603263109536,2.7546626218307217,-20.336480998087367,11.856993230523225,9.930656902080198,-11.111111111111107,-0.9907009642251364,-2.276379088075971,-2.345049717327771,-0.8345676070342287,0.21324368476858152,2.1544487471158225,1.58172602524853,3.9408570286355,5.811060010131541,2.6426768762487427,0.14068136574496748,0.11208783154620504,1.1963295368191211,4.447057080703871,5.736456961255727,13.282601989414516,6.801760974356678,4.919055964324714,2.4857310830727384,0.9466554385804338,0.9830858520505396,2.2926083335880487,4.154730936007196,9.341744960779014,35.31510350323056,15.309557158969884,48.5461192439565,86.25502020496452,40.48249266008898,79.85466861120773,50.0,57.03948488402347,42.97856280642922,16.119727847246548,33.818515980846946,83.50035758313379,60.818973658176354,67.99767538068451,40.0693430979198,68.15059599513458,0
7313.18,7322.070625,7274.32,7251.4681249999985,7265.7125,7261.875,7296.41875,7273.493888888889,53.78037541105358,55.488997531009716,40.69422581899987,39.00596744568061,44.27587150308401,44.25988182516672,55.988710579186076,47.868713797674815,14.714868079382837,-25.000000000000014,2.0077687049541257,18.27510541810291,0.2351939027935721,0.05227124237123437,-3.0046236292953754,3.0725597514998184,4.283629922606494,4.599111154308933,-2.0381693860965573,-6.317805065075222,-2.381367871134576,0.08050699226995084,4.7226469110033005,1.4720646770574624,-2.8150579733992345,2.2601352612921346,-3.3304592067847807,-13.151216857526153,-13.371422522097195,-11.611345822219164,-4.3345772368513735,-1.5675154156104123,-7.098687896005727,-2.3389758930168,-1.2922898206882234,-6.833411792450928,-10.990054650962618,-11.691852814489113,-9.057224147854674,-3.0395800926678747,87.77532807130568,48.346044924430224,11.21361078661158,52.36370157529379,88.62410890549147,36.711017804665815,85.69353023539077,48.00694751582983,73.06045999192284,73.34604492443025,9.205842081657458,34.08859615719088,88.3889150026979,36.65874656229458,88.69815386468612,44.934387764330005,0
7294.240357142857,7326.58642857143,7356.857142857143,7366.3328571428565,7337.001071428572,7331.218928571427,7309.584642857144,7324.7058333333325,41.035408802350396,51.24982598593889,58.41734328828488,57.750294809308464,45.8488743848094,45.637862670501576,41.25572462213977,50.003300939389845,11.080062179716194,-11.249769474345188,-3.0359448113690983,1.5828338255605439,10.8326627072399,-12.415496532800436,1.053656999335358,2.163144528165516,-0.4267138149488525,6.101900257213129,6.864603875001645,3.229262610604537,-3.566427699476906,-2.685172126564889,-3.2929314726110217,1.5590748709620326,-20.519719848334066,-7.110994479051442,5.269108391453301,10.552619334885744,2.6535343008536074,-2.034808229766376,-8.584469099709947,-3.9762676639663823,-20.09300603338521,-13.21289473626457,-1.595495483548344,7.323356724281207,6.219962000330512,0.6503638967985135,-5.291537627098926,-5.5353425349284135,77.42362587411216,75.97214389904958,60.09303883651126,44.483494695982905,26.70995172863467,40.058080708229426,48.36181308254217,57.22409501003718,66.34356369439595,87.22191337339476,63.128983647880354,42.90066087042237,15.87728902139477,52.473577241029865,47.30815608320682,55.06095048187165,0
7153.138571428572,7189.402142857143,7194.1725000000015,7232.970714285714,7275.614285714286,7254.984642857144,7237.223214285716,7253.055833333334,59.17384435924095,65.15025403103765,59.97119150935428,68.0822641113072,71.8367729895288,55.66003781613689,49.43489843930497,54.79868267227327,12.443043488794055,-8.046218889530321,3.030371105448804,5.0158477840815285,-0.4730290780748168,-13.812685207639461,3.3661891523678147,4.651771096953543,0.03254134490423307,3.1660505262935845,-0.2256579593696456,1.4597252397399016,3.726628814574788,-3.566382975562302,-7.3119180173632765,-0.4832364225107272,12.298140860769827,19.176375938625046,18.488655289309982,19.895252064471862,28.40564379235937,21.71100616945179,5.577253277937675,3.890959326745436,12.265599515865595,16.01032541233146,18.714313248679627,18.43552682473196,24.679014977784586,25.27738914501409,12.889171295300953,4.374195749256163,99.2031784363198,56.603140201603786,29.216033591150232,94.17403520318814,54.67821626291929,9.467983625133947,52.94625995149136,73.17263495054056,86.76013494752577,64.64935909113412,26.185662485701428,89.15818741910658,55.1512453409941,23.280668832773408,49.58007079912355,68.52086385358703,0
6781.750714285714,6775.962142857144,6786.3375,6776.430714285714,6750.64,6755.81,6802.616071428572,6854.66,58.046610612162894,54.72466713413432,56.050743726479254,50.19989602326496,42.740467461252535,47.27293528313466,56.68687837505397,58.72256035369486,-9.523809523809524,1.540877929828376,0.4446462754122926,12.300190080473616,-2.845167781738753,0.2067654816795001,-0.7955735214889111,-5.661190007493723,1.08865868762782,-2.2390903190864964,-1.107693940844095,-2.2579527940349764,-4.267861611558149,-1.1022137178604796,4.951721666560316,5.93719044525763,15.433600366192096,9.852850211661721,8.032254397053814,4.0034377850466365,-3.627573625111576,-5.937413696754577,4.7344917145024485,21.99015531042096,14.344941678564274,12.091940530748218,9.13994833789791,6.2613905790816125,0.6402879864465728,-4.835199978894098,-0.21722995205786816,16.052964865163332,23.02428331736625,39.028617999649036,46.23657153466917,39.65043391242981,48.70225112916697,71.2861721938485,57.471208818380774,42.55921025785987,32.54809284117578,37.487740069820646,45.79192525925687,27.3502438319562,51.54741891090571,71.07940671216897,58.26678233986969,48.2204002653536,0
6759.4975,6758.006071428571,6783.198214285714,6720.403214285714,6718.348214285716,6730.062142857144,6727.2,6754.584791666667,58.407618578868544,54.90624072034375,58.72052029070346,41.04128881092914,45.54280170151857,49.08148417163786,49.12755618938456,55.1315370079377,-5.826270199739152,10.977873391805756,-11.26313339918443,10.6998272226271,3.585887063087188,-10.131353796129071,10.131353796129064,-5.630303740953164,2.4516427548233577,-0.8794202047457566,0.4088905305016741,-8.029963897226366,-4.8023515160346255,1.6355221400411817,0.8714846800496517,2.603673511310985,16.430786560536554,14.525940792632875,15.56094210979167,0.805333418340784,-10.24956005103013,-4.322169525747214,-2.8996426336485195,6.231199324155189,13.979143805713196,15.405360997378633,15.152051579289994,8.83529731556715,-5.447208534995504,-5.957691665788397,-3.7711273136981713,3.6275258128442047,61.41762872197929,45.5692584861868,29.92724586971832,24.356455925679587,82.70542551708935,53.78590523699581,59.261792854772175,36.825986438779225,67.24389892171845,34.59138509438105,41.19037926890274,13.656628703052487,79.11953845400214,63.917259033124886,49.13043905864311,42.45629017973239,0
6917.865357142857,6928.91857142857,6941.984285714286,6968.561428571428,6968.48857142857,6993.727142857144,6944.043928571428,6898.012291666668,58.40641182783056,59.28864176562347,57.10467833725534,59.37222368433164,55.269645240963925,58.29307588704871,44.471790243984344,40.12131959684481,-5.936669659878978,12.866215187076126,-2.347328680636045e-15,-14.28571428571429,9.78184326460333,-2.18152228558152,-5.556284967623268,0.28930082991586203,-4.838967974846788,-3.132570730691572,-1.3103250314915245,0.4075128541391249,-1.4636054988499956,0.03335374761734095,-6.405288675524917,-7.244170333227266,23.70957094285859,18.065551828252342,17.897787146579503,17.717794208352124,15.607175718574062,15.779620378869106,5.436683158532626,-16.787511982957614,28.54853891770538,21.198122558943922,19.208112178071023,17.310281354213,17.070781217424056,15.746266631251766,11.841971834057544,-9.54334164973035,51.555048544756254,83.4106578820022,43.41398090720328,62.22789117496136,44.4621453358047,57.23979021990471,18.075495271751766,54.87348665698474,57.49171820463523,70.54444269492609,43.41398090720328,76.51360546067566,34.680302071201375,59.42131250548622,23.63178023937504,54.58418582706889,0
6639.412142857143,6641.74857142857,6645.652142857143,6639.7750000000015,6658.315,6676.15857142857,6679.710714285714,6645.312708333333,52.17304575622767,53.14186870734324,52.65737291742549,50.322803849906386,57.10423114518203,57.00953866448425,54.34449857739385,44.588602437860715,-12.653049735039382,1.9275264886570675,-0.662607417298556,-1.2649190713585707,10.57080460273514,-3.6603933546618266,-4.3117075156992986,-1.5159105105515425,-1.6385351083565258,-0.9939109247969424,-0.34368558433621704,-0.9259139891338656,1.3492997902497448,2.5482721599104634,0.1849562568693265,-4.037623531510212,5.284939680483278,3.2992919183236933,3.4913125195612986,1.3065671971518376,3.260471514703568,9.71675845008888,9.450487500988727,-2.717186050087093,6.923474788839804,4.293202843120636,3.834998103897516,2.2324811862857032,1.9111717244538229,7.168486290178418,9.265531244119401,1.3204374814231183,36.691328480757115,61.32576833909878,38.03761179425229,59.06137486718648,77.41283346640843,40.42759687312487,46.154981963067506,31.532346179526872,49.344378215796496,59.398241850441714,38.70021921155086,60.32629393854505,66.84202886367329,44.087990227786705,50.466689478766796,33.04825669007841,0
6596.526477272727,6636.802159090909,6642.5540909090905,6653.096136363636,6658.76625,6731.251931818182,6952.958295454546,6878.916574074074,48.58037233143976,56.453173444988956,52.96756579774581,53.6407381019709,48.740355358555355,63.18686890536022,71.32825820975292,45.12692344225554,-0.8247919184989339,-0.1829283842766561,-1.9536033008422231,-0.3589770045864333,0.8136085645901818,-0.8155253202609661,1.5957113082875642,-0.1970322165065624,-0.5812339882194931,1.1934641424227281,-0.6396534239530652,0.7489738237518975,-2.149746535264628,5.721698999692303,9.139026310428637,-16.564573167930355,-1.2200600085059872,8.89582836147656,3.4545153411975833,3.8094971454933,2.033987902496392,17.388315527297642,56.0260510380019,-2.2381877817885685,-0.6388260202864939,7.702364219053832,4.0941687651506475,3.0605233217414023,4.18373443776102,11.666616527605344,46.88702472757327,14.326385386141784,57.00599138604541,44.29392746264222,56.60774905226509,53.492138902923706,38.70822418513988,56.959063453210966,57.531346706960704,37.148115423533824,57.83078330454435,44.476855846918866,58.56135235310731,53.851115907510135,37.894615620549686,57.77458877347194,55.93563539867314,37.345147640040395,0
6220.279166666666,6248.927222222223,6228.663611111111,6194.199722222223,6187.675,6199.730277777779,6199.675833333333,6186.4585,45.449087088781226,56.0389811235221,45.552277673179645,36.78756930308932,43.91281310325754,49.47566119435544,48.953778533588,46.21195242833976,4.694095584128017,0.8321566214613615,-7.40740740740741,-3.6059454585419792,10.696137570414137,-2.250047664072378,-6.32198316827317,7.81528961048855,3.7644181051234598,5.89513561004626,-0.4854664204697032,-3.9000581504579257,-0.4454892055727808,2.9281591579175954,1.409865156296808,-0.8818377796793001,-14.689655977451165,0.5327463377607273,-0.4453693107224253,-10.086603804060763,-12.683693922713852,-4.566770625166707,-0.6015074097260569,-4.2868505919687765,-18.454074082574625,-5.362389272285532,0.04009710974727797,-6.186545653602837,-12.238204717141073,-7.4949297830843005,-2.0113725660228647,-3.4050128122894776,87.21238885665707,57.1382714266597,16.476662883390333,35.034683738923,77.8345174983537,58.53453389294241,28.25588746089993,51.23091550196667,82.51829327252906,56.30611480519835,23.884070290797734,38.640629197464975,67.13837992793957,60.784581557014796,34.577870629173105,43.41562589147812,0
6124.216785714286,6136.130714285714,6129.460714285716,6126.880357142856,6111.974642857143,6083.8217857142845,6093.876785714286,6090.979166666668,50.772273360443656,54.771910813976355,49.56287273946581,49.57820007743721,44.17404682089507,40.208551344817366,47.39364290208672,44.83041139032028,-8.998116477602352,9.40447721076139,-6.450479144859089,4.575868858676666,-9.523809523809565,8.890112943885011,5.395601341829204,-8.333333333333371,4.9374093792886935,3.61164064099844,0.7620554094486379,-0.6402457603627416,-1.7903028307326572,-4.071454513876543,0.8236646051104225,1.351441492632885,-4.982619003760061,0.7882858554061646,2.0647965999388758,-0.28007806242203515,-2.3879690308562465,-11.617468467391774,-9.554155503132408,-4.126814276598755,-9.920028383048756,-2.8233547855922745,1.3027411904902373,0.3601676979407065,-0.5976662001235892,-7.546013953515235,-10.377820108242833,-5.47825576923164,60.7087179215837,73.54018498546692,13.699004557306333,63.712247285012296,42.873103625239,69.3945247507409,95.33333515512888,16.441564986949878,69.70683439918605,64.13570777470552,20.149483702165426,59.13637842633564,52.396913149048565,60.50441180685589,89.9377338132997,24.77489832028325,0
6236.030833333332,6206.114583333332,6228.765833333333,6236.12375,6242.680833333334,6231.54,6218.110833333332,6226.016428571429,46.00821628994329,40.93988306499452,50.00827207861751,51.67149840612309,54.090087810241506,48.22402041483729,42.94671686151575,49.02977905254647,-3.1850369548710744,16.459752017294328,-12.563294796233404,-0.6423819250278336,2.3014802595224637,3.753223642917714,-7.215197712239736,-0.7622367319115557,-1.0050472631258116,-3.5324049407722256,1.5743895097590528,2.7098607222820825,1.6710244320154974,-0.11133514540479343,-2.1821331315447137,-0.11282926023253115,-2.7271891028220425,-9.49338294371258,-5.325321658699825,0.035968688274351734,1.6081831139957403,1.458372255968546,-2.9018256581260484,-2.80833461065244,-1.7221418396962311,-5.9609780029403545,-6.899711168458878,-2.6738920340077312,-0.06284131801975675,1.5697074013733394,-0.7196925265813342,-2.6955053504199085,46.43216612585547,73.57566854313816,71.5377729099548,65.75872701839553,74.6179589870408,16.15671473239639,24.906196769528087,60.424314289563284,49.617203080726526,57.11591652584382,84.1010677061882,66.40110894342337,72.31647872751833,12.40349108947868,32.12139448176783,61.18655102147483,0
6628.68125,6637.767083333332,6614.43125,6626.322916666668,6640.697916666668,6627.2004166666675,6635.610833333332,6644.544285714284,56.59713017815892,56.81220865063285,44.60513248801198,51.67820386129157,56.0163705076224,48.95657087768603,52.59640006141037,56.08404068793158,7.707862000845501,-14.260712416314652,5.461691817307361,6.087143092897327,-12.739949336799214,13.770606667113169,2.896059999553573,-3.5360092979807627,4.9315806572110565,4.459061759309557,-1.153848858905686,-0.5676830772303222,2.214533416060162,-0.7895697791791341,0.0992333636057547,1.0002615142412603,-3.2313869063893126,4.188298550212647,0.6666880514577921,-1.3145162322944088,3.826806498017656,1.4855286553109484,1.7955755869588756,3.4264661916529024,-8.16296756360037,-0.2707632090969115,1.820536910363478,-0.7468331550640867,1.6122730819574935,2.2750984344900824,1.696342223353121,2.426204677411642,96.69593058090548,29.532817456131678,9.979209365852938,78.0541190031815,39.19320612202121,40.577469609540415,59.06239315434613,74.2016468790414,88.98806858005997,43.79352987244633,4.517517548545579,71.96697591028419,51.93315545882042,26.806862942427248,56.16633315479257,77.73765617702215,0
6586.827916666666,6602.505,6608.24375,6619.56875,6647.780833333332,6629.17875,6638.259166666668,6637.165357142856,42.60200227484505,50.057146503269216,51.87275395141489,56.18920052938208,62.40088479517622,52.15123437644647,54.823180226877696,53.009183196059396,11.1111111111111,-0.0779541717043178,-6.887736324507741,11.791846643432336,-14.433329125332051,4.363098962432389,-1.3208937183515677,10.38901996250276,-4.055073945146715,-0.21410316202588,1.799013097730482,2.043234652846216,4.0576336779055175,-0.7082507669036007,-0.8335776713122582,-0.9365865649284564,-4.691483649472957,-4.295065973363913,-0.2312437418351389,2.6018187871997416,9.72970084756404,7.15205947459981,5.332009059840705,4.002442513034632,-0.6364097043262427,-4.080962811338034,-2.0302568395656206,0.5585841343535266,5.672067169658524,7.86031024150341,6.165586731152962,4.939029077963087,20.62919362431523,83.21640207577687,53.39512342733129,76.90707997337789,55.89477472208459,33.738283474416555,63.50600276731762,33.52708847111249,9.518082513204131,83.29435624748119,60.28285975183905,65.11523332994554,70.32810384741664,29.375184511984173,64.82689648566918,23.138068508609727,0
6613.496666666668,6631.045416666668,6621.645416666666,6611.611666666668,6628.975833333334,6638.535,6604.385,6609.9825,53.07376818355579,56.325810647897406,51.3330871735952,48.2487410711296,54.54568511588413,53.56636718047265,44.90113515785657,47.81168157580567,-1.9907930182955775,-8.68434580470751,-5.555555555555574,14.14691029129148,-1.0283780354310423,-13.118532255860508,16.351773093871238,-10.69922998227871,4.4563101988710345,5.214708067524581,1.304433592060987,-1.6455391219127629,1.2024447931238202,2.003799801099314,-4.114321669925099,-1.2157031345308045,-5.603126059710879,3.0179037299919096,3.7085568650519836,-0.7053990259152366,2.1672471876066393,6.621030295280131,-2.632426273810021,-4.041276364123145,-10.059436258581913,-2.196804337532672,2.404123272990997,0.9401400959975262,0.9648023944828183,4.617230494180816,1.4818953961150774,-2.825573229592341,80.10223869392068,47.580995281333436,11.030384469663133,58.47457978408875,51.702101945890725,31.37495197385931,48.185171454380686,50.96391314465371,82.09303171221626,56.26534108604096,16.585940025218704,44.32766949279728,52.730479981321785,44.49348422971982,31.83339836050944,61.66314312693242,0
6787.6570833333335,6891.8879166666675,6876.67375,6711.1120833333325,6594.234583333334,6554.110416666666,6534.94375,6544.966071428572,71.68845885621437,74.04210969410141,61.27284001403964,38.43878046906916,34.44640891082271,33.95781926712575,37.799168419321276,41.5840174925151,14.536032480681966,-15.301453213369708,4.190342102258643,-3.1301862249652608,12.896110995312355,-9.961697947898775,9.215817507144626,0.654465504261469,12.976514973898624,17.204412766503086,2.016179430210594,-23.578465278658943,-31.180668386038107,-13.255517622402143,-2.0171031022402546,8.095991798383476,22.959900527121743,52.23483854130685,50.648042987890975,8.323513002507601,-48.73201477291014,-58.78627895182232,-60.02341391043061,-41.49284051140837,9.983385553223119,35.03042577480376,48.63186355768039,31.90197828116654,-17.551346386872023,-45.53076132942017,-58.006310808190364,-49.588832309791854,97.44743054982322,45.742117917361014,24.023562560334554,3.6380539958854055,79.29777431104115,45.23010691490189,91.90552347242048,71.45530342749599,82.91139806914128,61.04357113073071,19.83322045807591,6.768240220850665,66.4016633157288,55.19180486280066,82.68970596527586,70.80083792323452,0
6630.09142857143,6653.1174999999985,6730.172857142857,6722.65857142857,6711.993928571429,6692.202142857143,6754.921071428571,6750.706875,52.59465795904106,57.562005607495486,67.42798509755059,59.53566406080144,53.87360424778052,49.94571497031438,61.226436419042294,54.30757986734125,-6.030335720190106,7.716799532451983,-8.857654809706919,1.0492566798774026,-3.9877968210562402,14.285714285714253,-8.78890238026467,-3.03234799442404,-2.2053146153034717,0.27891614684815635,8.554387079060465,-0.35979661426341536,-4.611498516511189,-6.599935938932674,4.322074482596608,-0.3102313985054086,10.785914947618947,9.913737114785363,29.299154756499252,26.441109010959085,17.35353709816783,2.291310092750012,14.191403074425711,13.844275773849555,12.99122956292242,9.634820967937207,20.744767677438787,26.8009056252225,21.965035614679017,8.891246031682686,9.869328591829102,14.154507172354965,39.855318756896594,89.29292690673141,66.65034289898131,34.85880624916886,20.328211775016467,74.85954169974242,67.0440895695198,35.70715596114896,45.8856544770867,81.57612737427942,75.50799770868822,33.80954956929145,24.316008596072702,60.57382741402818,75.83299194978446,38.739503955573,0
6255.512142857144,6246.9682142857155,6230.2182142857155,6211.19857142857,6275.71142857143,6335.328928571428,6304.107857142856,6278.768958333332,55.523992391837474,53.042482401899406,50.305584765732526,48.46943798699975,57.64631334629377,61.43804789522635,52.779007488347816,48.751114787235096,-3.7096376264849082,-3.492519917792459,3.9302244928131627,10.355489792901087,-5.744991318423853,-4.233588654925652,7.182749617656528,-6.702432292512476,-34.284880696992225,-19.819210856259378,-13.675863559994562,-9.524898329779989,3.878031977618805,7.643004385260517,-3.018249762813102,-5.768632352009063,69.1280572643687,39.722531842033796,18.012084069268504,1.3151892177385371,12.620457278033948,28.30684131244939,20.68849529693281,3.2964480697523113,103.41293796136092,59.54174269829318,31.68794762926307,10.840087547518523,8.742425300415142,20.663836927188864,23.706745059745913,9.065080421761373,48.92892357398532,28.01723691422219,42.79350566557347,61.52495983983177,63.67917875215299,47.4092468952446,31.55676897347404,42.96668773110002,52.63856120047023,31.509756832014645,38.86328117276031,51.169470046930684,69.42417007057685,51.64283555017025,24.374019355817502,49.6691200236125,0
5893.527142857143,5904.9925,5897.465357142856,5869.175714285714,5834.4975,5784.5275,5783.322142857142,5819.8358333333335,49.35625406244571,51.26035211669871,48.29661555264595,41.72520391456799,36.259058504796855,35.070195058872045,41.936851813143015,51.6149333259909,9.38622004607878,2.315158572863495,-11.588170350818519,12.339237707335467,-9.676415745119463,3.886901637287904,5.789514107831464,-1.0899041157681042,-1.0780834377041522,2.920316851808141,0.6804922571971984,-3.229431682744428,-3.9689248861528816,-5.811201912271935,0.8729817758918499,6.8268603855214,-10.8012825301035,-2.6323855962356384,-1.5902546264735844,-8.789563994101107,-15.322664642520067,-28.023550187411534,-25.211396299568538,-5.36070868169395,-9.723199092399348,-5.552702448043781,-2.2707468836707827,-5.560132311356679,-11.353739756367185,-22.212348275139604,-26.084378075460393,-12.18756906721535,73.98799587805925,42.618306137167345,24.7774277470928,38.350966128480565,27.10827704513077,55.67698581857732,74.62934017678765,67.2873893957073,64.60177583198048,40.30314756430384,36.36559809791132,26.01172842114511,36.784692790250226,51.79008418128942,68.83982606895617,68.3772935114754,0
6071.063214285714,6035.24,6007.741428571429,6023.418928571428,5954.4860714285705,5966.57,5933.893214285714,5866.560833333332,55.472090178671316,47.889753710728606,44.96633718528723,48.53967837897108,38.794353474831894,45.87175283131349,42.94483652887897,37.94397101505534,-13.676076536827052,6.324664693852549,6.603993696099043,-8.776391376934034,6.976945960489856,-6.916097288469661,0.5452902134818883,4.30732207320887,7.404655813684797,-0.9748649637029012,-3.7168697580110055,0.98097163927764,-6.429096064922625,-0.09843908874585748,-0.5905288657783113,-3.2993438010430185,2.7039013635093005,-1.1768117823150013,-9.172285824870023,-5.4947445458152036,-17.81594706406863,-17.597601868272378,-19.161889859965154,-29.707557405425106,-4.700754450175497,-0.2019468186121002,-5.455416066859018,-6.475716185092843,-11.386850999145999,-17.499162779526518,-18.571360994186843,-26.408213604382087,44.68605610380456,36.45433868111109,49.83036216641205,38.246506640561726,23.23514467641164,47.784571884633515,45.85918518734726,51.49967412962832,58.36213264063162,30.12967398725854,43.226368470313,47.022898017495756,16.258198715921782,54.70066917310317,45.31389497386537,47.19235205641944,0
6195.791071428572,6155.80107142857,6151.420714285714,6101.316428571428,6150.16357142857,6208.2575,6218.734285714286,6246.89,52.545655770006256,44.123759683128355,45.41839741486494,36.60312591057091,53.33395095859883,61.586504925485976,59.687995515023786,60.26912142330033,-14.209939620200489,-0.07577466551378922,8.783083675854218,-4.176323558589074,9.35815117020554,0.3208029982436033,-9.52380952380954,5.133188013130575,2.8153698977596266,-3.7482684502763326,-2.546931388571776,-4.9735043229037785,4.212465607930612,11.840492700177677,4.614581840121106,1.1006002892470126,4.329402735934829,-4.454459805104177,-9.817487207460674,-16.823392260108708,-12.957065936707165,14.029942719448107,21.274091949479693,17.595481850036474,1.5140328381752024,-0.7061913548278445,-7.270555818888898,-11.849887937204931,-17.169531544637778,2.1894500192704296,16.659510109358585,16.494881560789462,22.587853791649092,5.4758645038700156,66.1199632598536,25.470992207038588,99.03759100526916,65.70689987636774,36.881727999757096,55.346162822074035,36.79779341184958,5.551639169383804,57.336879583999384,29.647315765627667,89.67943983506363,65.38609687812414,46.405537523566636,50.21297480894345,0
6079.100357142856,6193.745714285716,6218.225357142856,6216.75,6233.3657142857155,6380.131785714286,6295.86357142857,6173.714166666668,36.45211935303749,61.282886296935644,62.2150943111184,57.734516648749924,58.630772747833994,74.07556251694331,51.91119191901728,42.081721308869376,14.285714285714288,-5.712154199253089,-8.573560086461194,-3.8064789415719646e-16,14.285714285714285,-5.278869027787583,-8.530301807577747,0.6290818750636936,-6.0719024890935085,12.00392981858464,9.86511206556592,1.1118803447517631,-1.20828588795302,15.054051571659796,-5.907068118555771,-17.493232486384088,-25.228921592683808,0.2790879406055475,18.88409629564817,18.649950469037453,12.975282627317288,44.555851264158136,37.077151505011116,-24.659981604887662,-19.157019103590308,-11.724841877979092,9.018984230082255,17.53807012428569,14.18356851527031,29.501799692498334,42.984219623566894,-7.166749118503572,53.47045730813141,69.01983988489305,59.644925791423475,30.436058511656032,65.95440428876043,72.05463426524052,8.537437275140482,66.4009558962883,39.184743022417116,74.73199408414612,68.21848587788466,30.436058511656032,51.66869000304614,77.3335032930281,17.067739082718223,65.7718740212246,0
6411.163214285714,6418.881785714286,6352.672142857144,6215.299285714284,6249.4725,6145.936428571428,5895.575,6060.552083333332,41.381110409741495,45.159947177467934,36.777628035704375,27.260720038081608,40.43390124292932,31.384310962067048,23.45897686127556,49.07815421494782,-3.5666038836994005,-5.544907827035493,-1.9144371516639196,6.188553857107342,0.4622819396041637,-6.481623815568876,14.116502304571648,-2.8121279877948653,-4.964391452148874,6.384611712800129,0.6755932482119188,-12.628050623695971,4.961949694385909,-1.4322335378620503,-24.888609620717073,21.429814274731893,-52.48819337141933,-37.97444726825974,-34.449002564377096,-63.106477652870254,-52.05763229388635,-48.8335281142433,-104.16684404995549,-52.3840751532858,-47.52380191927045,-44.35905898105987,-35.124595812589014,-50.47842702917429,-57.019581988272236,-47.401294576381254,-79.27823442923841,-73.81388942801769,53.60169633319891,63.72934107224351,4.868571194262175,39.97043350989389,83.15532144298994,9.57848595853842,57.14285714285714,76.0317302825606,57.16830021689831,69.274248899279,6.783008345926096,33.78187965278655,82.6930395033858,16.060109774107293,43.026354838285506,78.84385827035547,0
6648.432857142858,6653.321428571428,6717.960714285716,6817.6510714285705,6668.5307142857155,6627.6503571428575,6606.334285714284,6530.095208333332,67.0816540432006,62.48004020845863,62.886182932703896,67.20922617822674,46.12434603884803,43.87224905746578,44.88236762953807,40.895446422645115,-9.805110230783392,11.974451975427725,4.187126835729162e-15,-14.227779840082496,8.13756627063966,-5.903256635050473,1.9678805158282724,4.535527950629311,9.706696215092137,-8.605359690003889,-6.332571901405977,1.1291299830272123,-23.188043030981326,-20.41728797474568,-8.856240607997822,-5.466858129806035,101.9352134355877,79.59971977917967,69.14214468516742,74.25569996957789,29.45973609895529,-8.835769454736432,-24.26837599946404,-33.53540031903829,92.22851722049556,88.20507946918354,75.47471658657341,73.12656998655068,52.647779129936616,11.581518520009242,-15.412135391466212,-28.068542189232254,59.57236117772046,53.883665120502386,45.01920746872591,42.30969079092705,19.993613849599548,35.366660823212314,67.95235293725747,49.338492967752885,69.37747140850385,41.90921314507466,45.0192074687259,56.53747063100954,11.856047578959885,41.26991745826278,65.9844724214292,44.80296501712357,0
5419.673571428571,5517.889642857143,5602.61392857143,5570.7225,5577.6792857142855,5651.181785714286,5760.721428571428,5807.888541666666,56.64320264627183,70.092072228942,70.98164898317425,58.08549048104994,56.63066250785083,68.00236987926061,72.88425309101947,64.40729581964543,14.285714285714269,-0.7624062286613119,-9.061466509714931,4.452460386775528,-6.516111087385665,11.887523438986324,-4.530674001032931,2.167351469238292,-1.9925581635037977,9.454417624895568,11.434522115616968,-4.319915658496872,-6.695723533734079,2.1922742150932213,11.688024232724784,-0.5039890952184075,6.806836340724917,27.202868042839974,49.748317267688044,38.125592958948154,24.22082652505547,27.34188350300181,53.907297858579376,57.45885234245839,8.799394504228715,17.748450417944404,38.31379515207108,42.44550861744503,30.91655005878955,25.149609287908593,42.21927362585459,57.96284143767679,75.54072438629775,58.74884637946329,38.187407166959616,26.433553652621196,35.935952115524756,95.34392314160287,46.066159014887724,41.91127528500144,61.255010100583476,59.5112526081246,47.24887367667456,21.981093265845672,42.452063202910416,83.45639970261655,50.59683301592066,39.74392381576315,0
5190.310357142857,5171.723928571429,5082.357142857141,5108.016785714286,5129.866071428572,5114.148571428572,5107.016071428571,5147.315625,50.9160329720817,45.80797189080038,36.55618861166656,45.14224245281333,50.76159820076821,46.97998183936554,47.94909845076991,51.43568085704929,-3.9884702510635113,-4.670588814046502,9.067536489674865,-1.5621037761305752,-6.892095026228918,-3.4783142983524358,4.4908731001272555,4.070671142195976,9.776143462207374,4.083262611704194,-9.085161818826544,0.9593594130799932,6.263580245770184,2.5391077750277105,-0.046825911954208266,5.356041867067893,-12.50393522098862,-3.2839652912590678,-25.595629450521823,-21.342146719252664,-9.345668241086967,-3.809413001103167,-6.676055384594033,1.33336255211528,-22.280078683195992,-7.367227902963261,-16.510467631695278,-22.30150613233266,-15.609248486857153,-6.3485207761308775,-6.629229472639824,-4.022679314952613,82.50861633802448,25.3500833994288,61.819307441742794,58.34215007372007,76.11652080384093,21.87842811310978,71.46881069137676,49.265117572430064,86.49708658908798,30.020672213475297,52.75177095206793,59.904253849850654,83.00861583006987,25.356742411462218,66.9779375912495,45.19444643023408,0
5344.137142857143,5368.899642857143,5365.535357142857,5438.346071428571,5411.1675,5411.778571428571,5406.671428571428,5409.797916666666,47.01014058090477,53.71698182794217,51.52404295400762,66.27605066798482,53.13863239939937,50.97728310861567,51.7147143279677,49.5122302384048,9.967375154516409,-6.161925334774896,10.234503172683409,4.8722930452121147e-14,-4.772647748181703,-9.5130665375325,14.285714285714324,-8.333333333333302,-1.7802481983629066,2.059810698835168,0.754244477177521,7.8279129257786,0.13956814154295644,-2.7056707208963515,-3.2152933531236974,-0.7886232718449719,-4.304493034862778,-1.3653743669583491,-0.04516293232518365,15.510398575852248,15.073203188843243,9.614732841611449,1.5278935254147137,2.5362611674629534,-2.5242448364998724,-3.4251850657935172,-0.7994074095027046,7.682485650073647,14.933635047300287,12.320403562507801,4.7431868785384115,3.324884439307925,33.184790255116056,59.02725629354306,61.582295013962714,83.96774017317678,40.202387505027254,17.517819745651245,78.01219743143969,25.334585622692213,23.21741510059964,65.18918162831795,51.347791841279296,83.96774017317672,44.975035253208965,27.03088628318375,63.72648314572535,33.66791895602551,0
4828.318928571429,4985.102857142857,5044.192857142857,5096.746428571429,5029.7874999999985,5010.166428571429,5050.301071428571,5071.701666666667,62.900926213242435,67.19174160477236,66.52236448854563,63.45551705370117,52.90828773547688,50.52100615546975,54.75029555324359,55.70918053261019,-1.3820168412083569,-11.599312364515946,3.8221271345429777,-4.586183038870799,10.390342013597124,3.895372272117149,-2.2932294396283885,-3.8843377444328913,3.255247377345723,17.455634720052394,3.2001888801268934,-2.587518413127472,-18.846075350460712,-16.394131932323013,-3.3830982961251905,0.2693664338776438,49.10194742089594,89.465868843963,88.4988267995975,84.29356659295979,46.96050771047754,15.98870301851496,14.66662137268538,15.424581449507134,45.846700043550214,72.01023412391058,85.29863791947058,86.88108500608725,65.80658306093827,32.38283495083797,18.049719668810564,15.155215015629489,82.19839573508625,48.32317969304022,71.5550745670764,33.356216884399075,35.05361186610042,59.845572263411725,68.13890236406007,55.322113511172105,83.58041257629459,59.922492057556155,67.73294743253342,37.94239992326987,24.66326985250329,55.950199991294575,70.43213180368845,59.20645125560499,0
5016.427142857143,5053.121071428572,5057.2750000000015,5099.937857142857,5042.08,4946.728928571429,4897.323214285714,4916.832083333333,52.107604117977324,55.40386240970849,54.51294064027112,57.76878714366011,48.0301747117498,42.09097894498139,40.44731386093356,46.78211014979203,10.639995069583716,-0.32944391764869296,0.2112061816832025,-11.818981771270545,5.631552307862707,-7.980047086340977,9.523809523809527,-0.9698592292751768,-15.759413607286868,-2.6238529650424187,-1.3142934267285018,2.9519310820401112,-6.641939519353005,-15.600327319214955,-9.977339235157972,5.663495577203733,13.566298601978946,14.474546558437135,12.915739531435586,19.67867816928018,8.625868459212532,-23.647277086746982,-42.07746985445491,-27.613240587329678,29.32571220926582,17.098399523479554,14.230032958164086,16.726747087240067,15.267807978565536,-8.046949767532029,-32.10013061929693,-33.27673616453341,73.28419402414183,67.31934612861443,51.06222029684572,47.13917604012554,35.50712319072606,32.22553148013578,66.35257551888536,67.1748582235515,62.64419895455811,67.64879004626312,50.851014115162506,58.95815781139608,29.875570882863354,40.20557856647676,56.82876599507583,68.14471745282668,0
5375.32,5385.704285714286,5433.619285714286,5468.7246428571425,5453.951071428572,5405.183214285714,5343.76,5322.761875,52.911125004642315,54.08894243202936,60.46638989505576,60.24762678045167,53.860570201269006,43.83805170994479,36.49472293313315,40.013846472490776,9.315127884168543,0.8390555826095513,-7.046179705219215,3.4173106173204557,-7.295296836571995,6.646318780758686,3.693730943770428,-4.119597359314627,-2.467816202538257,-1.4067043924055151,4.013981298840704,4.819316640140994,-2.2325737871366584,-9.216800027086109,-10.803314043358116,-1.815767212381372,8.44732435480559,5.619003905922649,13.503692113721495,23.783245833578672,18.040174887583298,0.011475442281152937,-20.54460804910611,-25.414716542669268,10.915140557343848,7.025708298328165,9.489710814880793,18.96392919343768,20.27274867471996,9.228275469367263,-9.741294005747992,-23.59894933028789,47.13062874318425,53.58910925708293,58.39448725278546,44.24261714762189,24.64333730378973,28.890273538310083,27.987935481497086,57.834174951822035,37.81550085901571,52.75005367447338,65.44066695800467,40.82530653030144,31.938634140361728,22.2439547575514,24.294204537726657,61.953772311136646,0
5398.567083333333,5343.996666666667,5320.081666666667,5331.28125,5286.645416666667,5229.9875,5203.275416666666,5150.175357142857,41.9388495478379,35.50301958069149,36.14896682925165,43.47632066994397,37.06269949055511,34.346399038452915,38.951018066934594,39.972265249669924,6.93387769443217,1.3500064878216675,3.4797345745258785,-3.4797345745259123,-10.519575238401973,15.600366271321885,-15.591880081688215,12.240355117388857,-12.222482422233265,-12.690836700730646,-7.331481886827753,0.9412175096089084,-1.1097797235761633,-5.87768981859703,-1.4918900976703948,-4.748826942078481,2.1902024457604057,-17.369679238695582,-26.56320458335585,-22.36784099620142,-23.238344338534716,-35.57894759892012,-32.7249313716502,-47.56210559930124,14.412684867993672,-4.678842537964933,-19.231722696528106,-23.309058505810327,-22.12856461495855,-29.70125778032309,-31.233041273979808,-42.81327865722276,31.703568390362378,20.65091892986925,53.62583317819156,75.03389465443405,11.735236674379868,66.91134326800328,32.53197123728531,74.98887486038494,24.76969069593021,19.300912442047586,50.146098603665685,78.51362922895996,22.254811912781843,51.3109769966814,48.12385131897353,62.74851974299607,0
6033.9692857142845,6058.8075,5940.913928571428,5771.310714285714,5649.236785714284,5794.662857142856,5811.298928571428,5196.633958333334,42.44011691884134,46.81627325682393,32.27207943222753,26.629777722026464,28.119510743785618,50.80043992901826,49.97119846167608,24.260737813190246,10.500520905493712,-8.830085809318444,0.07139466874652405,8.561921395259208,-3.546077210292145,-4.3932398317234505,-3.695559987312296,-1.0268672146732527,-13.334900560958369,-0.9072862547045106,-11.164405318714119,-22.6521523832238,-14.868927063364362,21.99649905996366,22.003216591438804,-57.02742722143406,-11.647182110310755,-8.640574175175061,-26.588333015841922,-72.05173935832174,-98.46305845633144,-55.58201340584972,-5.239073904276536,-129.30855762959126,1.6877184506476155,-7.73328792047055,-15.423927697127802,-49.399586975097954,-83.59413139296709,-77.57851246581339,-27.242290495715338,-72.28113040815721,67.04434819186726,40.435073512636116,7.2499491459769505,59.452638013714115,45.281951442418965,86.41998219347879,17.935102588732203,7.125683420653552,56.54382728637354,49.26515932195456,7.178554477230427,50.890716618454896,48.828028652711104,90.81322202520224,21.630662576044504,8.152550635326804,0
7840.2985714285705,7863.9121428571425,7894.2424999999985,7938.378214285714,7972.880714285714,7999.2,7992.047142857144,7973.890208333332,40.55098845029424,48.891594683810276,56.70120240871688,63.49236387753831,62.96643938754839,62.46454148690428,55.62437094246982,49.856041898632355,2.8569577684012204,-2.080870781284852,12.08251034473428,-12.643905854571154,13.269021181909077,1.890551207647409e-14,-11.984926894429961,-0.19624926246023536,5.024377986656094,4.806331215047938,6.8775114667142425,7.691928885062728,4.438678581029559,2.4811203498650367,-3.4741666017971897,-5.719964624880048,-15.907767081095047,-10.095277255712322,2.8267190780123723,17.501367218886248,23.828413767444285,28.78767338298764,22.21433714365594,5.741689208343662,-20.932145067751147,-14.90160847076026,-4.050792388701871,9.80943833382352,19.389735186414725,26.306553033122608,25.68850374545313,11.46165383322371,39.63005638937052,63.57995760568129,87.16262342826798,70.02762392130946,67.0404943460877,37.03825127636855,32.02260965835503,45.69094439097717,36.773098620969314,65.66082838696613,75.0801130835337,82.67152977588061,53.771473164178616,37.038251276368534,44.007536552785,45.88719365343741,0
8721.18642857143,8722.847857142857,8713.780714285715,8711.287857142857,8731.686785714286,8726.19,8712.853214285715,8715.435833333333,51.79915033169335,52.256470795530866,46.87097492469821,48.38820735450311,55.73552982919179,51.514302409393856,45.431045886626606,49.81176434132431,-8.711669616036861,6.950153238076623,-3.191170378688206,8.480995231964851,-13.052117999125922,2.9775342275151084,2.0009699402862204,0.8980646876544899,5.178537833647264,3.003697393194864,0.059827441370744285,-0.8626976190429014,2.6005621435683177,0.3294489748778123,-1.8547058707772792,0.014746479257482976,-5.38903527842818,-0.3246608059920878,-0.3348442199013724,-3.7227416759108434,2.456002692174869,2.8266929423079996,-0.933447560411878,-2.1864395984683447,-10.567573112075443,-3.328358199186951,-0.3946716612721167,-2.8600440568679417,-0.14455945139344853,2.497243967430188,0.9212583103654012,-2.2011860777258274,70.54479475986223,54.04917188169239,40.26448430093018,86.26180554662561,51.67576985115287,43.64642468445909,23.394588641372717,69.47260324505538,79.2564643758991,47.09901864361577,43.455654679618384,77.78081031466077,64.72788785027879,40.66889045694398,21.3936187010865,68.5745385574009,0
8667.771388888888,8706.834166666667,8734.219444444445,8741.22111111111,8744.209166666666,8758.824166666667,8823.076111111111,8847.85775,61.653921946614844,70.09009500325665,65.5296211155839,58.93587975126237,53.680833681738996,57.45840865790759,64.36032627184832,61.57340179544362,-2.0418841403567187,-3.7325725983589546,0.19991894423182524,0.05268229281972678,-5.041253747375054,6.579649017027916,-5.932675515132206,-1.0754778275711243,4.834897108228123,4.354589284567513,1.9229951430409096,-1.044292523599941,-2.2260385297443044,-0.6835906651586949,5.450516384541373,0.7642689484057417,4.660600823254855,14.355959138988005,19.745767165759393,15.39639568722325,11.738033513281454,7.598701182427856,22.600751493207003,24.69805835610732,-0.17429628497326805,10.00136985442049,17.82277202271848,16.44068821082319,13.96407204302576,8.28229184758655,17.150235108665626,23.93378940770159,82.66172415111076,58.39290633856245,43.780186938084356,55.431372632494345,22.590843142652194,75.63552242822472,43.82210446886894,50.207238887725325,84.70360829146749,62.125478936921404,43.58026799385252,55.378690339674606,27.63209689002724,69.05587341119681,49.75477998400114,51.28271671529644,0
8801.544166666668,8805.950277777778,8869.113055555556,8795.830555555556,8817.376111111109,8838.482777777777,8872.304722222223,8870.63525,54.68573572164491,52.48852214892933,64.10143424294142,44.79788100967123,50.0520904807504,55.15223141834504,58.79548206032506,54.98087816719632,1.5964089181750785,-0.7751905642901236,-9.297714257634308,10.072904821924443,-8.928793574546894,8.92879357454691,-7.407407407407407,5.370856655332553,0.9581062960885876,1.4303300362325884,6.6164159797295135,-7.3313271085166205,-0.8205310748713484,2.7445326432259263,3.7993125739442615,-1.0146910108252851,-3.076199991076161,3.0750244980366315,14.771866276931984,1.2826064728356463,-2.4409062769073997,3.988026594652183,13.25965510099296,10.150083524750881,-4.034306287164748,1.6446944618040424,8.155450297202472,8.613933581352265,-1.6203752020360516,1.2434939514262566,9.460342527048699,11.164774535576164,96.5375649598646,32.02453123166626,52.63643694804939,53.57036252291515,56.959282051322134,73.06423492271486,60.42165448127623,52.71994126009083,94.94115604168955,32.79972179595638,61.9341512056837,43.49745770099071,65.88807562586904,64.13544134816793,67.82906188868364,47.34908460475828,0
9848.324285714283,9865.356785714286,9861.122857142858,9879.786785714286,9892.027142857143,9861.715714285714,9864.154285714289,9868.229583333334,46.6799905274827,52.57281442665253,50.39665075416463,57.13343675787868,59.364087708108556,43.00460573810307,47.22173472314193,50.81686827577635,2.0559066477403127,-9.85899279709156,1.2427526717377029,2.9171969499779506,-1.7273466788085767,2.2191609357232833,-3.579026837540717,5.069736973645671,1.7456612213219045,4.4403494396379495,1.7638286281452702,2.386385232255756,2.1180221841288525,-3.3018290317806316,-1.9309354241707208,0.5801594557203049,-11.932033973776145,-2.9311294224938007,-0.2763444711690681,3.724315184876884,7.874472611491262,1.0240812049726498,-2.8868205765138555,-1.7873894054967725,-13.67769519509805,-7.371478862131751,-2.0401730993143383,1.337929952621128,5.756450427362409,4.325910236753282,-0.955885152343135,-2.3675488612170774,87.69649348656542,58.290422855765044,47.783007367440824,73.14875230012201,68.46733842882897,11.185128780817394,59.428287774731906,60.40069334454897,85.64058683882509,68.14941565285662,46.54025469570311,70.23155535014406,70.19468510763755,8.965967845094111,63.007314612272616,55.3309563709033,0
9571.435,9545.163214285714,9568.865,9594.890357142856,9593.733214285714,9586.452857142858,9566.945357142857,9587.307083333333,44.68519734308907,42.13814148882023,51.93054768638219,57.13028088052534,52.484788549805344,50.80823732165147,44.67183273074283,49.960462044350216,-9.947872769648862,4.642521615035023,7.045181508647272,-9.523809523809524,-4.761904761904757,4.0602442043434294e-15,1.6386667664143733,0.2587606364653651,-2.3493619268806296,-2.9213555477021105,2.52856951562371,5.379107907698353,1.6281415879539731,-1.6244629353272346,-3.098818105537169,2.1229333369755783,-6.334704602104727,-11.900007002991385,-6.870623005957116,4.2072209015940265,7.726609322839588,2.36967442939983,-2.616611220637424,0.013323144019674752,-3.985342675224096,-8.978651455289274,-9.399192521580826,-1.1718870061043285,6.098467734885613,3.994137364727065,0.4822068848997453,-2.1096101929559032,25.693615592462134,48.567751074280615,98.10546816823273,58.689802341544855,22.385812656355338,63.498243290629304,22.839365500427608,44.06798831705952,35.641488362111005,43.92522945924561,91.06028665958544,68.21361186535438,27.147717418260093,63.498243290629304,21.200698734013233,43.809227680594155,0
9654.059166666666,9732.07875,9813.92875,9841.64375,9874.471666666666,9914.6875,9900.843333333334,9987.238214285711,50.78377003260153,66.57728009543592,69.68480451721558,66.97363169903586,66.11043335245199,66.31481408698372,59.89708395391654,69.98882487016527,6.261608825459692,-6.861114217547972,-8.53843700457097,4.210877490574998,4.497475040798811,-8.708352531373796,14.263884736170398,-11.737857117188867,5.071937281123735,11.737344030479177,15.07275998479362,6.494259665091021,2.059960403073133,1.4649047286988717,-6.233142396868629,2.353181166656773,-7.8202450159051295,11.756699468921699,37.87997509147802,43.63146224666131,44.415303886174115,47.03318652094154,34.50916748118228,39.68085231546112,-12.892182297028866,0.019355438442525186,22.807215106684406,37.137202581570286,42.355343483100974,45.56828179224268,40.7423098780509,37.32767114880435,74.36283711333336,80.9957590690315,37.63572539873039,55.396037566349904,49.11695335094586,32.305579150628965,37.099565224965296,64.04930840155416,68.10122828787365,87.85687328657946,46.17416240330135,51.18516007577491,44.619478310147045,41.01393168200275,22.835680488794907,75.78716551874302,0
9515.37625,9595.665,9577.31625,9640.4,9670.547083333337,9670.97,9611.2175,9622.919285714286,41.53916117751292,55.988844479308845,51.93432926734779,59.74195338566801,62.44675990560203,55.85967633347821,45.056585649307756,48.755193455970634,12.714853781571259,-13.436053138965995,13.436053138966011,-10.307160385655417,10.307160385655417,-16.666666666666668,7.997840185356082,-1.8858786734097923,-4.6970349467464985,11.518894014626708,5.322647740247027,9.39283551991209,6.477414211090179,1.3014293670630879,-9.961450509348515,-4.796598909950137,-31.378251372048613,-5.9150336497192875,-0.2267662187074772,15.839591832767232,24.119396792563144,25.720713741642307,5.141791645473858,-1.4897310971999624,-26.68121642530211,-17.433927664345994,-5.549413958954505,6.4467563128551415,17.641982581472963,24.41928437457922,15.103242154822373,3.3068678127501743,65.46024301517461,57.97979658767681,52.12700736259411,56.363207262354706,66.08253891155371,6.094607712785449,31.06103578653248,57.21560401593295,52.74538923360336,71.4158497266428,38.69095422362809,66.67036764801011,55.77537852589828,22.761274379452118,23.063195601176396,59.101482689342745,0
9960.774375,9913.64125,9926.035,9910.470624999998,9884.170625,9872.4775,9897.948125,9913.818055555555,30.211235010305,30.621420984805326,35.86971317792961,36.87547674589585,36.288421456850884,37.97237648374962,43.623802175054735,47.85730966573878,-24.165297899246653,17.56445030560353,-2.9196799802490805,-9.031058166024149,0.19853317382376726,19.18775466684589,-14.757048793431494,0.8742804044310964,-19.880332196294734,-15.154331499908752,-1.9773549447366428,5.320861548347381,5.859326402087888,5.093803652358908,10.958835279948465,11.158713155898148,-66.25865936103311,-79.34894337764581,-73.42617850374518,-62.73451541310307,-56.07417529541772,-52.194601583302294,-37.130101105576614,-18.606742503171613,-46.378327164738366,-64.19461187773706,-71.44882355900853,-68.05537696145043,-61.933501697505605,-57.28840523566121,-48.08893638552507,-29.765455659069772,0.0,67.7135756147737,84.46715548803171,52.436675393371246,49.13857840580877,75.0,71.65354010309447,80.1330664170101,24.165297899246653,50.14912530917018,87.3868354682808,61.4677335593954,48.940045231984996,55.81224533315411,86.41058889652598,79.25878601257901,0
10216.994166666667,10218.098333333333,10249.522916666667,10248.399583333334,10227.903333333334,10212.50875,10204.084583333333,10202.216428571428,51.117692957474965,51.48398224597257,56.909733834360026,54.73784489353596,47.90889270862378,44.150909274435406,43.576612030947935,46.00582686391578,-16.069284442598182,5.471603811212722,-4.514981478663161,1.2443090939827834,1.618005345476322,1.8707415058972243,-5.1952627688903945,12.912213253031773,8.325983033450665,3.611422445887064,5.222378363043534,1.9398384562546491,-2.3785065598148387,-3.848538042409989,-2.7864452064054714,-0.5661212014100026,-5.232089327893238,-2.529953676008821,6.242145357622273,8.077228637193002,2.877911039891236,-3.517320103049618,-7.689765651794004,-8.644029289100997,-13.558072361343903,-6.141376121895885,1.0197669945787389,6.137390180938352,5.256417599706075,0.3312179393603706,-4.903320445388533,-8.077908087690995,28.651100677792872,50.422992579613144,58.608489855494994,47.24835553091226,20.352615094324804,38.30015369002008,50.111310950521215,54.09466532462525,44.72038512039104,44.9513887684004,63.12347133415815,46.00404643692947,18.73460974884848,36.42941218412285,55.3065737194116,41.182452071593474,0
9755.9625,9785.249583333332,9789.511666666667,9777.891666666666,9784.034166666666,9790.9625,9786.445833333333,9818.836428571429,50.76813426462918,59.93127278432675,57.884315656585294,50.687738161559494,54.45276503341543,54.80991080251019,51.79589510682351,66.62069768026466,3.0458674618981303,-14.168279066841585,-4.1448326252672506e-15,7.978871510630668,8.68779515603602,-16.66666666666665,10.323517407847607,5.436985078987781,-0.1708496840050364,4.04983975078099,2.1299781637238557,-1.5351599980712043,-1.2142377475956514,0.2202285635176812,-0.9225331513341384,2.7278796006213533,-1.5666206485163154,6.602382800352037,9.325644631435047,5.799287515032423,3.2869306713473634,4.619057394045741,2.6345233953506977,7.441630150488501,-1.3957709645112792,2.552543049571047,7.1956664677111934,7.334447513103628,4.501168418943014,4.398828830528059,3.5570565466848363,4.713750549867148,76.40673842574805,59.759063796559495,44.43863784747679,19.4489205588097,91.03040431185936,32.21731096578529,55.83657864659653,100.0,73.36087096384992,73.92734286340108,44.4386378474768,11.470049048179034,82.34260915582334,48.88397763245194,45.513061238748925,94.56301492101223,0
10120.382916666667,10110.738333333333,10095.051666666666,10080.689583333333,10096.097083333334,10121.012916666668,10119.085416666667,10125.413928571428,51.40626036456865,48.45682646759279,43.672552449946146,43.48993409254565,49.719637576265704,57.32122102284818,54.82363215931803,56.06138089213439,0.7853323101576054,12.206859836433209,-11.529856640849525,12.227200200195947,-3.0549096514149467,-0.13604454983238887,-13.281857253016787,3.4974085450312518,-1.8370509788372669,-3.3651457868426045,-3.056376737490149,-3.3578878340999894,1.4273683694967934,4.366490956227731,2.3659177109703378,0.6733058904560673,6.811005591828993,0.1951291280978088,-3.2463354395061588,-9.504407219969837,-5.223170527631738,2.472329437992206,5.664923207951688,5.410282826704132,8.64805657066626,3.5602749149404134,-0.18995870201600984,-6.146519385869846,-6.650538897128531,-1.8941615182355258,3.29900549698135,4.736976936248066,17.887887612321812,58.19470920578468,19.493023592693763,66.72580062197964,62.66530552148003,88.66746201558855,35.027497661761764,55.21442491258169,17.102555302164205,45.987849369351466,31.02288023354329,54.498600421783706,65.72021517289497,88.80350656542093,48.309354914778545,51.71701636755044,0
9817.219583333334,9821.91125,9840.17625,9797.96,9767.860833333334,9768.96375,9776.470416666667,9790.31142857143,59.114241896576694,58.39569863111537,62.56141597514265,43.04884260516363,38.831274153596475,44.35036495192685,47.648581919925356,52.202271634606774,-13.172296609619393,4.607041079075193,-2.545855580566897,2.3830880273671173,-6.8668284099455965,12.935302810346398,2.6595486833432016,-12.943082606072574,3.5741164025704486,1.1517971428619185,1.8420843226592123,-4.395397256863176,-7.052411499999082,-2.7958143264724007,1.9478910891169328,4.003955773114827,6.457994999327336,6.582338052393728,9.584230548757056,2.03437410891911,-10.578334468884654,-14.548712104216065,-9.0978286911862,-1.2076711218357692,2.8838785967568867,5.430540909531809,7.742146226097841,6.429771365782286,-3.5259229688855704,-11.752897777743664,-11.045719780303132,-5.211626894950595,40.87419021000876,73.78653277776019,74.93884483844937,13.299732171160734,42.85083545678442,90.04907881981316,57.330937532198924,52.845296404423934,54.04648681962815,69.179491698685,77.48470041901626,10.916644143793617,49.71766386673002,77.11377600946676,54.67138884885571,65.78837901049651,0
9673.629583333333,9723.515833333337,9755.92875,9830.877083333333,9803.502083333333,9728.12375,9812.5875,9804.714642857143,53.81874484885865,68.17779219417379,67.59248544583328,76.1686139916509,59.01231251282354,44.261576007423976,57.94417119493061,53.21907416486118,10.08834262935516,-10.868769679755356,5.313214124199875,-5.555555555555516,-5.555555555555519,16.666666666666707,-8.917170016888868,-3.881743274224681,-1.2287134320915811,4.500997677851323,5.589217100985583,8.637051484804937,-0.7699326208701874,-15.360374466196992,0.8756914407602965,1.2191403163541903,5.3364949647448165,13.687087969699554,23.417218879905704,37.23250215068856,35.002468002957656,3.797696250324104,9.051272448840184,15.359138366704169,6.565208396836398,9.186090291848233,17.82800177892012,28.59545066588362,35.772400623827856,19.158070716521095,8.175581008079888,14.139998050349979,60.683013949340065,74.25532512649085,54.151080404879465,83.33333333333333,12.230389975547615,48.88063784487103,83.59807189679195,8.208928877405961,50.594671319984904,85.12409480624619,48.83786628067958,88.88888888888883,17.78594553110314,32.213971178204325,92.51524191368082,12.090672151630642,0
9440.307083333333,9442.117083333334,9431.2275,9442.10125,9455.875416666668,9503.35375,9538.462916666667,9547.408928571429,55.927952602238534,55.38029930963592,50.04530115924214,53.87385698771161,58.490519342707074,70.37245719444633,65.79471626312288,61.606967857734325,-6.956222147695656,2.450395951327702,7.902823195921992,0.379883960393947,4.093123114966784,-3.202553447562431,-8.061599969986577,-3.053205261481148,-5.422489377656229,-4.683182817435156,-3.9331179858154983,-0.8642878801433952,1.239004461668585,5.7161892273986075,6.0315896822318935,0.8142663796621328,16.146816205471627,8.31708376964707,2.7521756191990794,2.6357128157402863,5.394534185716415,15.286991664336407,25.973952718207933,25.31582315993754,21.56930558312785,13.000266587082224,6.685293605014577,3.5000006958836813,4.155529724047828,9.5708024369378,19.942363035976037,24.50155678027541,6.8589547698371875,64.49373964363247,55.125626656823165,64.10383424352213,80.22482010804724,76.16386775165573,28.93262130256219,30.00842953522541,13.815176917532845,62.04334369230475,47.22280346090118,63.723950283128175,76.13169699308047,79.36642119921818,36.99422127254878,33.061634796706564,0
9427.342083333333,9447.174166666668,9447.603333333334,9442.819583333334,9435.245833333334,9425.719166666666,9436.48125,9439.524642857143,55.74293052155658,59.27434978314521,56.33883658513789,51.57727426512226,49.4205135642375,45.35168983662557,52.02669119540223,51.91619952336472,12.98065717661616,-2.9418665435792284,3.5612382786986423,-13.829092888004894,6.686388782969135,-2.1777856286886292,5.948036524867398,-6.258957161371175,2.7918003840182704,5.0725489258976815,1.8786110854130464,-0.7883052900204278,-2.1894608148325982,-1.896321447867856,-0.02935411707333731,1.130994032439982,-4.2675761473765315,5.475930346223625,7.3167248347490395,5.290259932092644,0.5082718647563524,-1.556267189332478,-1.7681201663969357,1.1654989041391153,-7.0593765313948005,0.4033814203259423,5.438113749335992,6.078565222113071,2.6977326795889502,0.3400542585353779,-1.7387660493235984,0.0345048716991333,92.37565499478123,58.528994150991224,44.422823466592256,25.980582857516627,57.22444081431725,17.150601652010113,84.44695837352019,42.89883446118263,79.39499781816507,61.47086069457046,40.86158518789361,39.809675745521524,50.538052031348116,19.328387280698745,78.49892184865278,49.157791622553795,0
9327.332916666666,9350.435416666667,9361.0825,9344.195833333333,9375.166666666666,9395.420416666668,9403.610833333332,9391.631785714286,45.96175202029283,55.16943040111512,57.006299997171354,48.2952802982321,60.20830560502616,62.14323074162543,59.70393418320161,52.98465686302021,9.032794213920763,-1.4556443043924052,-13.872959487396846,11.17435393564276,-2.3697824920896737,-2.7226603539076604,-6.1223244215318795,5.9886247090854985,-1.1713483353424077,2.6159629754904046,2.983940707110216,-1.129505846488165,2.046921964661609,3.544185720365125,1.2649234317936455,-2.6529226947375184,-4.451791060801952,1.073877482610745,6.033704166189938,2.8586303775567408,6.023430050103647,13.094146274388244,14.434483932984223,8.085752564058566,-3.2804427254595447,-1.5420854928796592,3.0497634590797236,3.9881362240449065,3.976508085442037,9.54996055402312,13.169560501190574,10.738675258796086,76.64379668239155,69.03108325663831,54.93476090234646,41.518558317067274,84.70389766843189,43.833075467861185,35.27980764781971,53.39592402585166,67.61100246847077,70.4867275610307,68.80772038974331,30.344204381424504,87.07368016052159,46.555735821768856,41.4021320693516,47.40729931676616,0
9358.7275,9348.949583333333,9375.215833333334,9389.314583333333,9347.689583333333,9407.69625,9469.923333333332,9490.537142857143,48.67747093395207,45.50458983044463,57.094076731999166,60.53828852577468,46.2379214465262,58.45471896218396,63.76149439992254,62.60027135667176,2.3884297957845586,3.996838576942952,2.6613130788001165,-0.24107825015862144,-3.4640355766502817,6.169404994811004,-12.384526640638635,-3.2800519488705207,-3.801485093290773,-2.6785347013370795,2.034755096430372,3.239671720035547,-3.7545172709079235,2.8169125045753405,11.02904317869163,4.587424922478292,-0.5030025767082407,-3.7755426362982685,0.778568027520123,6.5445433627868015,0.3642342907542115,2.312553600472711,25.519231633979867,30.194490473968468,3.2984825165825318,-1.0970079349611892,-1.256187068910249,3.3048716427512552,4.118751561662134,-0.5043589041026301,14.49018845528824,25.607065551490177,63.5642819727365,19.603326034100625,81.90050646861563,75.3252341749642,34.65851962639229,98.71014607374005,51.6421415036431,55.6796445463543,61.175852176951935,15.606487457157671,79.23919338981551,75.56631242512282,38.122555203042566,92.54074107892905,64.02666814428173,58.95969649522482,0
9333.82125,9354.465,9358.825833333334,9354.297916666666,9369.11125,9357.331666666667,9374.922083333333,9382.768214285714,57.506491225551635,61.02071559512567,58.5308071400515,54.95415278769075,58.335938188961954,50.20702018864807,57.826088754923184,55.468965074137,-1.469875393963176,-15.19679127270346,1.7171449447535753e-14,10.928245254449955,3.7299022179852273,-14.658147472435159,16.416863499008898,-12.51150445700314,4.23086702612422,4.540939813365249,1.5246061330132274,-1.598908709904996,-0.08181529840915314,-1.5646322798901562,-0.5062476823714864,1.2458192932411671,3.959756025053442,11.33322302487674,12.76347347319582,8.464057161189581,8.753515892094887,6.771353230271112,4.503844475236292,9.162417984669704,-0.27111100107077835,6.79228321151149,11.238867340182592,10.062965871094578,8.83533119050404,8.335985510161269,5.010092157607779,7.916598691428539,73.35211400589634,46.24930055936481,48.98690056473684,46.48980394898992,81.26222513966364,7.832440445869818,87.76729194784616,12.5232983475612,74.82198939985953,61.446091832068284,48.98690056473682,35.561558694539976,77.53232292167841,22.490587918304982,71.35042844883726,25.034802804564336,0
9006.339583333332,8993.385416666666,9012.911666666667,9044.4775,9069.66875,9082.332916666666,9070.457916666666,9071.146428571428,52.607841431660574,49.43097809757246,54.96864132146568,60.314528277308646,61.13511442764741,62.532388338333156,53.193324115209066,53.1828385568301,-5.650022105495221,12.85609511952176,-5.290888584473113,5.29088858447313,-16.66666666666665,15.691721961314926,-4.716244675749126,-0.6916934625911862,6.964948619751906,0.8595647475735219,1.98785693208653,4.336766886944976,4.784028198346007,1.2595856145674005,-2.4321479422975814,-3.3042914606621303,2.20570107002762,0.5981124584456362,3.0699502869747453,10.39256836744759,18.852315495270282,18.57175310414884,14.874609909770093,7.695075547335104,-4.759247549724288,-0.26145228912788565,1.0820933548882148,6.0558014805026135,14.068287296924273,17.312167489581434,17.306757852067673,10.999367007997234,31.977441057003013,53.18173551297003,81.63780462854757,71.61588915207247,23.98066953024125,63.74183255061136,20.984227876856497,67.37907792057008,37.62746316249822,40.32564039344826,86.9286932130207,66.32500056759933,40.647336196907894,48.05011058929646,25.700472552605618,68.07077138316127,0
8937.047916666666,8937.112916666667,8953.480416666667,8968.2125,8955.638333333332,8955.559166666666,8921.004166666666,8919.094285714285,74.45890178854184,65.83081408663382,66.14505962279588,63.68830708274681,55.33649568505327,53.79720320215955,43.9607080303034,45.290610473846456,-12.323854723013733,1.8524980903601136,1.9433806220066243,-1.9133623569596618,9.629102914949394,-5.6694881050429835,4.750105951106873,4.761904761904782,15.212689933792426,2.8055978172527887,-1.8157672570066956,-2.5454640035600318,-5.587807088655231,-4.6183482559586135,-6.826414806147728,-4.2395964839484686,37.677654421406864,37.016387566347476,31.402809786832524,27.674823658874327,18.17184989292552,11.340673764861698,0.277001191294706,-6.527262968973706,22.46496448761444,34.210789749094694,33.21857704383922,30.22028766243436,23.759656981580747,15.959022020820315,7.1034159974424345,-2.287666485025237,50.77831099203636,25.80999273026727,58.42464059963394,32.80805136824765,36.21240733311455,38.85765255628943,19.26968068667632,51.879317201868155,63.102165715050106,23.95749463990715,56.481259977627325,34.72141372520731,26.58330441816516,44.52714066133241,14.519574735569446,47.11741243996337,0
8563.75125,8570.664166666667,8584.620416666667,8581.434166666666,8593.35375,8600.200833333332,8578.757083333334,8576.1925,53.877835399379336,56.34719208558107,59.99482330958827,54.004732578355245,57.560479379525354,56.88475625475989,46.19547754978509,47.62842778226546,8.908768460154068,-12.526235991260435,-2.5053275583187458,14.485675751767378,-1.3445556814374082,-10.228882269078555,-3.277721974259109,14.092138134105092,-6.613708919356091,-2.909905665911221,-0.035427493481295404,-0.7358652293131033,0.2725718505874206,0.5721741543142386,-2.7360878936285955,-2.5659197640320808,8.627248221678808,5.714539163480973,6.762797376469281,5.788182088635041,6.459100553808942,7.492014368437594,2.5145469183404807,-2.7495463367124886,15.240957141034894,8.624444829392193,6.798224869950575,6.524047317948142,6.186528703221523,6.919840214123356,5.250634811969077,-0.18362657268040733,52.88834938484028,67.48497988404253,55.44932774690961,49.289799472267646,63.026999606185896,53.396087097453794,15.618709442674376,74.41641647626848,43.97958092468621,80.01121587530298,57.95465530522836,34.80412372050027,64.3715552876233,63.62496936653236,18.89643141693349,60.32427834216339,0
8332.8575,8324.750416666666,8330.212083333332,8339.799166666668,8340.5325,8351.853333333333,8340.965,8335.675,51.249643796859296,47.88487460170214,50.836958187297114,55.1180621463831,53.654598034653276,57.51545278066372,49.00013506216965,46.2672788785333,-4.664807793153272,7.839406388641829,1.1188161327782165,-9.8669871059726,10.444624105732442,-15.006376937885824,10.997482503213048,2.0171335422119467,0.14934601747036286,-1.8044450963261849,-0.28862420866898125,1.1130501168236806,0.5769997021492779,1.2914995757702323,-1.1036584096311546,-1.6770786754979097,3.788578622592468,-0.1542022597113828,-0.050183981097992124,2.0983483945765333,2.7994950319174072,5.177718657088008,2.827215642414861,-0.4478876726908701,3.6392326051221047,1.650242836614802,0.2384402275709891,0.9852982777528524,2.222495329768129,3.8862190813177753,3.930874052046016,1.2291910028070394,23.797627865358702,51.09728019644938,71.07277266952967,64.09883120076563,45.360016637351805,59.809987187343275,18.640783103547488,47.089582570519426,28.462435658511968,43.25787380780755,69.95395653675145,73.96581830673823,34.915392531619375,74.81636412522909,7.643300600334446,45.072449028307474,0
7350.931666666666,7357.751666666666,7355.477083333332,7329.346666666666,7332.7825,7331.012083333332,7323.907916666668,7316.8525,52.39125986978604,55.4231740651046,51.71818507158912,37.703460993792866,45.148438351223625,45.180214312847426,42.57798025088758,40.740675803532675,13.51414389921026,-12.608969090180686,-3.273423852382309,10.494455596329523,3.7519433703000336,-8.01724635021741,-6.588034369788423,3.857646016088872,0.9773404863850296,1.5425428524573357,0.2660610283690445,-3.1974501665666764,-1.4099145749132391,0.2346434610658744,-0.22337504858371693,-0.35703316406514435,-0.6035527028860391,2.3079434561118437,2.3826761003659462,-3.701671978753287,-5.8739526521153484,-4.457360204509617,-4.933242677659262,-5.82871978480229,-1.5808931892710687,0.7654006036545077,2.1166150719969017,-0.5042218121866111,-4.46403807720211,-4.692003665575491,-4.709867629075544,-5.471686620737146,93.64647633101204,34.98957484472373,31.381461596837227,42.77371323061922,76.4912348604302,47.611648942960606,31.981613178746983,40.164568109161685,80.1323324318018,47.598543934904406,34.654885449219535,32.27925763428969,72.73929149013016,55.628895293178005,38.56964754853541,36.30692209307282,0
8532.010833333334,8499.667916666667,8492.842916666666,8520.89875,8517.801666666666,8523.605833333333,8531.627916666666,8523.479285714286,56.37557760603635,43.49780684158413,43.983830268712815,55.61568628687198,51.73332732891503,53.518927647083714,53.56890266556866,50.99059134907609,-9.400126382210393,4.097394067134024,11.111111111111082,-0.7102360243007304,-7.39545363604421,-4.6607052081009765,-3.5197749374977403,12.217647442886634,-0.19903352012409464,-4.162619708818639,-3.3561179024865893,2.6669496197569083,1.578532293918919,0.9258123961169301,0.9127293850249876,-1.2535120936033557,6.199326127351924,-1.572155224654428,-6.812577564276882,-0.3186301850291784,2.113836730166744,3.1868814843858977,5.080749923165058,0.722496277009798,6.398359647476019,2.59046448416421,-3.4564596617902943,-2.985579804786086,0.5353044362478244,2.261069088268968,4.1680205381400715,1.9760083706131533,44.90805314074446,42.87391743366086,38.76859590500994,77.85133914168605,32.024112043202855,44.38625615060822,41.61319301551704,60.52016026980298,54.30817952295485,38.77652336652683,27.65748479389885,78.56157516598677,39.41956567924706,49.046961358709204,45.132967953014784,48.30251282691634,0
8884.165833333334,8880.205,8892.14125,8881.813333333334,8870.963749999999,8885.082083333335,8897.307083333333,8915.037857142857,61.97527068005701,55.666387823461115,59.375863879387204,50.40702103610561,47.37377576902688,54.68487068911973,56.50864259230647,60.10467478613978,-3.030263140774073,-9.147657235693082,3.859130345922162,-8.34787663612182,3.3196828768495554,13.346983789817045,-3.6119255734471764e-14,-4.141347075788293,4.359920797133784,0.9692406977647522,0.4669120923488633,-0.9511814303817974,-2.7828185074768896,-0.029532801941064394,2.053117056960769,2.3387020731295887,6.259656536674812,6.746569037537483,6.388512382240151,5.418400732503869,-0.2038434556913368,0.2628568114820761,4.815047306464597,8.642352854211692,1.899735739541027,5.777328339772732,5.921600289891287,6.369582162885668,2.5789750517855525,0.2923896134231405,2.7619302495038283,6.303650781082102,49.2912796035554,12.890613859551992,63.8248543760571,7.934158313164263,49.581711383161434,79.4794490093822,42.01870835612707,64.47374104974067,52.321542744329484,22.038271095245076,59.965724030134936,16.282034949286082,46.262028506311864,66.13246521956515,42.01870835612712,68.61508812552897,0
