p1,p2,p3,p4,p5,p6,p7,p8,p9,p10,p11,p12,p13,p14,p15,p16,rsi,rsi1,rsi2,rsi3,rsi4,rsi5,rsi6,rsi7,rsi8,rsi9,rsi10,rsi11,rsi12,rsi13,rsi14,rsi15,macd,macd1,macd2,macd3,macd4,macd5,macd6,macd7,macd8,macd9,macd10,macd11,macd12,macd13,macd14,macd15,macdl,macd1l,macd2l,macd3l,macd4l,macd5l,macd6l,macd7l,macd8l,macd9l,macd10l,macd11l,macd12l,macd13l,macd14l,macd15l,macds,macd1s,macd2s,macd3s,macd4s,macd5s,macd6s,macd7s,macd8s,macd9s,macd10s,macd11s,macd12s,macd13s,macd14s,macd15s,macdh,macd1h,macd2h,macd3h,macd4h,macd5h,macd6h,macd7h,macd8h,macd9h,macd10h,macd11h,macd12h,macd13h,macd14h,macd15h,Pred
9143.35125,9149.915,9145.4075,9139.607499999998,9149.11625,9150.89625,9159.665,9173.978749999998,9189.56625,9198.3925,9199.62,9214.78,9222.1225,9216.92625,9205.8725,9196.03,60.66135635255682,63.54160042436904,58.12537063681465,50.14091065594943,60.74061323606596,59.21255042941939,65.65675753019715,72.67502751164095,77.4618306853435,78.55678168309248,76.79620899183368,81.32138513880119,82.70029545077587,71.26264396131572,61.86546408792735,52.53551138241981,2.266582693913836,2.8926464408565447,2.2962844751166305,1.0572780547445257,1.1729976860620064,1.3195125575160016,1.8174901284124887,3.0643393016731,4.794399097947643,5.181320689603132,4.407777207207548,4.342602459976899,3.8818929192311833,2.2065763351049146,-0.4243556292925757,-3.623885579640148,0.10061380548268062,2.1298300981952707,2.7681413966938635,2.227077688580721,2.852633692609743,3.683991923559915,4.9767942428052265,7.5669684989616135,11.52709107406281,14.472175376141422,16.022250301401073,18.114539671764764,19.65393871553988,19.356973030340672,16.819902882281895,8.584493573391889,-2.165968888431155,-0.7628163426612737,0.4718569215772328,1.1697996338361951,1.6796360065477365,2.3644793660439136,3.1593041143927376,4.502629197288514,6.732691976115167,9.290854686538287,11.614473094193526,13.77193721178786,15.772045796308696,17.150396695235756,17.244258511574472,12.208379153032038,2.266582693913836,2.8926464408565447,2.2962844751166305,1.0572780547445257,1.1729976860620064,1.3195125575160016,1.8174901284124887,3.0643393016731,4.794399097947643,5.181320689603132,4.407777207207548,4.342602459976899,3.8818929192311833,17.150396695235756,-0.4243556292925757,-3.623885579640148,0
9444.158333333333,9443.0375,9424.72375,9417.19,9419.767083333332,9428.466666666667,9416.55875,9390.814583333333,9396.612083333332,9386.37875,9397.802083333332,9384.109583333333,9378.120416666667,9398.151666666667,9396.113333333333,9368.327045454544,65.39109617494402,56.05804450821599,33.48328472292541,34.543141187865125,43.971693794999226,53.995770904991595,42.23060953457714,30.42535380502358,40.57610989634031,39.050791223951954,48.71747138838943,40.51862502142372,40.93553953902601,55.114187489924,51.768618793775815,41.58848792477284,0.8504238679935189,-0.09911830650704713,-2.448924473711142,-2.1973274164565755,-0.38397299758113856,1.691911923651827,0.08943969841291255,-3.2836426721898846,-0.2758677411436808,-0.32971769824918945,2.3043635696368545,0.15333298168271134,-0.6923887605579387,2.331515626053526,1.8356067156888003,-2.381379713594753,3.173795584905141,2.670116989557452,-1.9386109787947132,-5.2302707079901065,-5.4577772652425365,-2.0743182254658072,-1.6565666365992608,-8.48621574395141,-7.880013939100839,-8.727527997122403,-3.78899651077154,-4.218326823488496,-5.820740483157957,-1.564578780372358,1.8770595853714744,-5.1432925111467656,2.323371716911622,2.769235296064499,0.5103134949164291,-3.0329432915335297,-5.073804267661399,-3.7662301491176335,-1.7460063350121733,-5.202573071761525,-7.6041461979571565,-8.397810298873214,-6.093360080408393,-4.371659805171207,-5.128351722600018,-3.896094406425884,0.041452869682673976,-2.7619127975520117,0.8504238679935189,-0.09911830650704713,-2.448924473711142,-2.1973274164565755,-0.38397299758113856,1.691911923651827,0.08943969841291255,-3.2836426721898846,-0.2758677411436808,-0.32971769824918945,2.3043635696368545,0.15333298168271134,-0.6923887605579387,-3.896094406425884,1.8356067156888003,-2.381379713594753,0
9372.763333333332,9377.970833333333,9390.64875,9397.885833333334,9401.56375,9395.805416666666,9388.297916666666,9384.11,9369.32375,9370.811666666666,9371.6425,9378.55625,9385.1925,9391.755833333333,9399.884583333333,9392.17,51.27163859168272,61.35548939311685,70.25272078721406,70.76663197458765,67.61021520850726,52.8667983903847,43.22978849416973,37.10262773068243,31.81421328115729,41.14130422708715,43.863380289991625,53.76578344660802,61.36237684416722,67.11921997455502,62.133202786075785,50.38041397988924,0.20819896434379626,0.9880748128941916,1.8433689192879483,1.4260334889228372,0.3889701732969209,-1.113673634196749,-2.1024028953534786,-1.5255131023798354,-2.246219859087814,-0.5278574481936346,0.6632437949063554,1.5946718045702066,1.7434083634958322,1.3795097913456864,1.3598992684549986,-1.0726257838873323,-0.9733176839654334,0.962921920676005,4.123157736050719,6.223331508613532,6.296707958789437,4.376151296945257,0.4453981748865772,-1.6150978188021934,-5.17157963245063,-5.602716595248847,-4.038921292028135,-1.1771738374060683,1.5346101036402615,3.3223518676007493,5.6008131763719575,3.0141937628491586,-1.1815166483092296,-0.02515289221818647,2.279788816762771,4.797298019690694,5.907737785492515,5.4898249311420075,2.547801070240056,-0.08958471642235792,-2.9253597733628167,-5.074859147055211,-4.7021650869344915,-2.7718456419762747,-0.2087982598555708,1.9428420762550629,4.2409139079169575,4.086819546736492,0.20819896434379626,0.9880748128941916,1.8433689192879483,1.4260334889228372,0.3889701732969209,-1.113673634196749,-2.1024028953534786,-1.5255131023798354,-2.246219859087814,-0.5278574481936346,0.6632437949063554,1.5946718045702066,1.7434083634958322,1.9428420762550629,1.3598992684549986,-1.0726257838873323,0
9543.435,9559.13,9560.36125,9547.055,9547.958333333334,9541.152916666666,9543.379166666666,9554.510833333334,9552.65,9545.4175,9556.276666666667,9567.087916666667,9558.31375,9544.1675,9552.20375,9550.394545454543,53.37441043953704,68.24916015784765,63.06099227256115,43.53638565783249,47.52673200305945,39.58749536094799,47.949222622727135,62.03552359564778,54.935176161155965,43.7025502749871,60.38507444014822,65.6973147108734,50.27862534234539,41.437957089787616,50.36569162066164,46.74556877049057,1.5031336092538277,2.3893283694992684,1.4577091665251531,-1.5327411982609074,-1.3708140602939398,-1.107409693303608,-0.2851686798525434,1.679187950728544,0.7069132793578827,-0.9229766015317532,0.5090976612504056,1.805307488760556,-0.418394322620218,-2.6882951769189125,-0.31997382407265124,0.09918769160175793,-0.7103950197770246,2.925133814698712,5.2578870964831985,2.008153416518932,-0.5608752895338208,-1.9544775666718124,-2.4881078259004425,1.0909683640611547,2.1295762912956584,-0.018835326147988482,0.7875166918014052,4.437774879453778,3.5218411101620095,-2.2047051365170773,-1.972227048397144,-0.42778265582158137,-2.2135286290308525,0.5358054451994424,3.800177929958045,3.5408946147798392,0.8099387707601189,-0.8470678733682043,-2.2029391460478998,-0.5882195866673892,1.422663011937776,0.9041412753837648,0.2784190305509995,2.6324673906932228,3.940235432782228,0.483590040401835,-1.6522532243244932,-0.5269703474233393,1.5031336092538277,2.3893283694992684,1.4577091665251531,-1.5327411982609074,-1.3708140602939398,-1.107409693303608,-0.2851686798525434,1.679187950728544,0.7069132793578827,-0.9229766015317532,0.5090976612504056,1.805307488760556,-0.418394322620218,0.483590040401835,-0.31997382407265124,0.09918769160175793,0
9076.25625,9068.705,9065.36,9068.160833333333,9075.188333333334,9083.688333333334,9073.630416666667,9081.996666666668,9094.746666666666,9129.03875,9152.884166666667,9150.859166666667,9157.5225,9140.67375,9123.803333333333,9144.192272727272,53.80462428502098,47.588225449655845,47.08018503446875,50.460883457269325,55.95568814107821,60.63719869073043,47.07516341212975,58.54722945122363,66.84117404885271,79.42979275770249,77.80790740240552,66.06372411419315,62.9996724146108,49.07415016291645,42.73923967307982,54.706823818147036,2.533646459208689,0.5093369760590256,-0.5598909451225618,-0.023026428826716426,1.2239540337164176,1.566858692477448,-0.7731381279096468,0.02022546080429603,1.586856748602321,4.4341022040222775,4.016192551037052,-0.18422204643144546,-1.833854687313648,-3.8658059668265623,-5.087536178089255,0.6582748953872449,-0.21084407150889695,0.3181125369186096,-1.396919690159848,-1.6066544930414846,0.9380226187189086,3.679567522286865,1.7067842579717762,1.4117203736750523,4.574039720921367,12.136020107907825,18.797302453909353,17.234433818117694,13.114436563547315,7.101272886341577,-1.9178813006171065,0.6930635043218817,-2.7444905307175858,-0.19122443914041606,-0.8370287450372862,-1.5836280642147682,-0.28593141499750924,2.1127088298094163,2.4799223858814234,1.3914949128707566,2.9871829723190464,7.7019179038855485,14.781109902872295,17.418655864549144,14.948291250860965,10.96707885316814,3.1696548774721487,0.034788608934636714,2.533646459208689,0.5093369760590256,-0.5598909451225618,-0.023026428826716426,1.2239540337164176,1.566858692477448,-0.7731381279096468,0.02022546080429603,1.586856748602321,4.4341022040222775,4.016192551037052,-0.18422204643144546,-1.833854687313648,10.96707885316814,-5.087536178089255,0.6582748953872449,0
8798.32625,8793.595,8793.8975,8792.5075,8785.4575,8790.085,8796.432499999999,8797.2725,8800.2825,8802.21875,8807.404999999999,8799.9925,8791.291249999998,8784.7125,8787.869999999999,8799.038181818181,51.685582762179955,49.21827214779816,50.08271339681226,49.13408592424615,44.203732218503596,49.50744221960528,53.393310272221406,53.63629388692548,57.21213038764182,56.44500553557454,61.154490230694094,50.83607453827041,44.226390051733944,39.185823828001595,44.96174959259859,54.18947963616562,0.3450513332116889,-0.5550065234868888,-0.9157303243249004,-1.0900766149284409,-1.7064003607294709,-1.3180867378022023,-0.40919865489216,0.20106364734675825,0.687017657810248,0.9249895989324728,1.3031723405754674,0.6095587333984684,-0.8383387000582141,-1.9391412268923145,-1.8156261125945712,0.3291276533871961,3.7586616057824362,2.7026989632804543,1.9149952265916002,1.2166930110397516,-0.171539686441065,-0.5309105651858772,0.047029409623064566,0.7032125557161635,1.455676361573751,2.1467600290852715,3.1228149011258215,2.891027315891733,1.1833724714160778,-0.7583858989764849,-1.5985079300744474,0.3833511955326685,3.4136102725707467,3.2577054867673434,2.8307255509165,2.3067696259681933,1.534860674288406,0.787176172616325,0.4562280645152246,0.5021489083694053,0.7686587037635029,1.221770430152799,1.8196425605503537,2.2814685824932655,2.0217111714742924,1.1807553279158296,0.21711818252012366,0.0542235421454724,0.3450513332116889,-0.5550065234868888,-0.9157303243249004,-1.0900766149284409,-1.7064003607294709,-1.3180867378022023,-0.40919865489216,0.20106364734675825,0.687017657810248,0.9249895989324728,1.3031723405754674,0.6095587333984684,-0.8383387000582141,1.1807553279158296,-1.8156261125945712,0.3291276533871961,0
8798.32625,8793.595,8793.8975,8792.5075,8785.4575,8790.085,8796.432499999999,8797.2725,8800.2825,8802.21875,8807.404999999999,8799.9925,8791.291249999998,8784.7125,8787.869999999999,8799.038181818181,51.685582762179955,49.21827214779816,50.08271339681226,49.13408592424615,44.203732218503596,49.50744221960528,53.393310272221406,53.63629388692548,57.21213038764182,56.44500553557454,61.154490230694094,50.83607453827041,44.226390051733944,39.185823828001595,44.96174959259859,54.18947963616562,0.3450513332116889,-0.5550065234868888,-0.9157303243249004,-1.0900766149284409,-1.7064003607294709,-1.3180867378022023,-0.40919865489216,0.20106364734675825,0.687017657810248,0.9249895989324728,1.3031723405754674,0.6095587333984684,-0.8383387000582141,-1.9391412268923145,-1.8156261125945712,0.3291276533871961,3.7586616057824362,2.7026989632804543,1.9149952265916002,1.2166930110397516,-0.171539686441065,-0.5309105651858772,0.047029409623064566,0.7032125557161635,1.455676361573751,2.1467600290852715,3.1228149011258215,2.891027315891733,1.1833724714160778,-0.7583858989764849,-1.5985079300744474,0.3833511955326685,3.4136102725707467,3.2577054867673434,2.8307255509165,2.3067696259681933,1.534860674288406,0.787176172616325,0.4562280645152246,0.5021489083694053,0.7686587037635029,1.221770430152799,1.8196425605503537,2.2814685824932655,2.0217111714742924,1.1807553279158296,0.21711818252012366,0.0542235421454724,0.3450513332116889,-0.5550065234868888,-0.9157303243249004,-1.0900766149284409,-1.7064003607294709,-1.3180867378022023,-0.40919865489216,0.20106364734675825,0.687017657810248,0.9249895989324728,1.3031723405754674,0.6095587333984684,-0.8383387000582141,1.1807553279158296,-1.8156261125945712,0.3291276533871961,0
8355.1375,8351.19125,8346.21875,8346.96125,8352.8675,8354.696249999999,8356.564999999999,8355.822499999998,8354.1125,8352.7875,8361.591250000001,8373.19125,8374.2125,8362.32125,8365.215,8359.230000000001,56.70064037536468,52.11890895388646,47.696039998043524,49.18042348407359,54.81963799047611,56.41619126390079,56.78487315748071,55.17937304048208,54.04913743220891,51.252027360820755,61.56148946551952,70.20303801432135,66.07136531520679,52.41931540899535,54.73586000554839,48.025685567878895,2.3121555707199883,1.6943485711127466,0.7431211119527088,0.2619455506197607,0.5838671841695693,0.8813860429046458,0.9927166625976006,0.8343147922033946,0.4002588387009161,-0.012445060238663763,0.4700695568269099,1.852246960081363,2.0750784155216864,0.718069208033175,0.026102594159822527,-1.236696893656331,0.5893006169844739,0.9133434632030912,0.4596491723877989,0.15501220181340614,0.7068944770308008,1.3992447001137407,2.0025337649567523,2.3071621930857877,2.111663708569722,1.7499973412150212,2.3476989365044574,4.493276245557354,5.76118128674625,4.972317087238481,4.3671945477526615,1.9553864912195424,-1.7228549537355144,-0.7810051079096553,-0.2834719395649099,-0.1069333488063546,0.12302729286123144,0.5178586572090949,1.0098171023591511,1.4728474008823929,1.711404869868806,1.7624424014536852,1.8776293796775476,2.641029285475991,3.6861028712245636,4.254247879205305,4.341091953592838,3.192083384875873,2.3121555707199883,1.6943485711127466,0.7431211119527088,0.2619455506197607,0.5838671841695693,0.8813860429046458,0.9927166625976006,0.8343147922033946,0.4002588387009161,-0.012445060238663763,0.4700695568269099,1.852246960081363,2.0750784155216864,4.254247879205305,0.026102594159822527,-1.236696893656331,0
8684.46375,8694.05875,8691.72875,8698.985,8686.29875,8684.03,8694.40625,8692.79625,8684.84,8683.48375,8680.41375,8677.3275,8678.68,8680.0225,8675.942500000001,8670.968636363636,60.97331533302615,64.11471694296937,60.42843658534981,61.62289153614298,53.817353517811114,53.91115732106164,58.13143510925004,55.18108451194783,50.53191594977311,50.437137858967816,48.99619665677629,46.456874269613856,48.211169431278684,49.400527514131184,45.770821247125255,44.97303956798605,3.772908674561088,3.549681602942642,2.4019364879252594,2.0717206063108584,0.16746639350279846,-1.130352317165503,-0.8262338197420549,-0.7384254147624114,-1.8430197019110128,-2.320946787707895,-2.4845724329600842,-2.5931209784634515,-2.3164415307360144,-1.6035994468576882,-1.5329191610439388,-1.102508144399936,8.633792116119366,10.19828853424042,10.423947621889964,11.174600635867138,9.618262520167264,7.8532288231990615,7.654905338658863,7.442270530751557,5.539650894243096,3.926969119946989,2.528516112032776,1.151768186652589,0.1997151299028701,0.03574722099801875,-0.6539319475023149,-2.5259454328127258,4.860883441558278,6.648606931297778,8.022011133964707,9.102880029556276,9.450796126664462,8.983581140364565,8.481139158400918,8.180695945513968,7.382670596154107,6.247915907654884,5.01308854499286,3.7448891651160414,2.516156660638884,1.6393466678557067,0.8789872135416239,-1.4234372884127895,3.772908674561088,3.549681602942642,2.4019364879252594,2.0717206063108584,0.16746639350279846,-1.130352317165503,-0.8262338197420549,-0.7384254147624114,-1.8430197019110128,-2.320946787707895,-2.4845724329600842,-2.5931209784634515,-2.3164415307360144,1.6393466678557067,-1.5329191610439388,-1.102508144399936,0
8668.525000000001,8665.45625,8663.32375,8658.911250000001,8669.76125,8672.56625,8665.5875,8662.83625,8665.791249999998,8669.74625,8666.545,8664.025000000001,8662.07625,8661.5775,8666.0525,8659.884545454546,55.41395276186465,50.62079877472107,49.92594233420603,46.20378499253739,55.9224990058172,56.1527202005432,48.73637162677396,47.88826865080676,51.933112582353495,53.30182479749,50.14784744801628,48.649049395260604,45.961854034947784,46.59953996741296,51.618883931754205,44.74546535885886,0.8009394149985805,1.0705850072403242,0.794093498700758,0.1135886737787568,0.8179832878441945,1.3053106436823927,0.6966627505699965,0.01125399307937025,-0.030061626727006987,0.4961614825025282,0.15203048456291912,-0.22077379914460515,-0.5188765779503018,-0.7112274965562257,-0.12662175471055392,-0.4296993086070584,-1.47126155114438,-0.6402441879963591,-0.4854192509055793,-1.0400877295051032,-0.048249722903165086,1.0364620234786344,0.9071287177348496,0.3066725704165947,0.19782957715779048,0.9563987720957812,0.7292419527266247,0.28075589909985865,-0.22122469564965289,-0.7726189927516316,-0.3093636596513534,-1.0482678352951056,-2.2722009661429605,-1.7108291952366832,-1.2795127496063372,-1.15367640328386,-0.8662330107473596,-0.2688486202037585,0.21046596716485305,0.29541857733722443,0.22789120388479744,0.460237289593253,0.5772114681637056,0.5015296982444638,0.297651882300649,-0.06139149619540585,-0.18274190494079945,-0.6185685266880472,0.8009394149985805,1.0705850072403242,0.794093498700758,0.1135886737787568,0.8179832878441945,1.3053106436823927,0.6966627505699965,0.01125399307937025,-0.030061626727006987,0.4961614825025282,0.15203048456291912,-0.22077379914460515,-0.5188765779503018,-0.06139149619540585,-0.12662175471055392,-0.4296993086070584,0
8905.30375,8901.54875,8893.522500000001,8875.84375,8875.965,8872.4125,8868.04,8863.5,8877.0275,8887.36125,8891.053750000001,8894.70375,8897.243750000001,8907.1525,8912.115,8894.618181818183,52.332033349937255,50.02844707518137,45.978213280685786,34.99206592974102,38.014312737651025,36.34268470862382,37.638223102842815,37.08087687680717,47.361478443060506,52.91190478436616,54.824222089130394,56.21369264303685,57.18395869392334,62.68823766644679,62.067709611736746,49.61908117751828,-1.972947833071508,-2.346010924900233,-2.9003066232128685,-4.606608900231104,-4.877109534702036,-4.308852537333491,-3.7936657311908752,-3.3063908236192705,-1.194910064079015,1.2231281849214035,2.5174616258499074,3.0236236187034797,3.0093561697347453,3.673250191678554,3.7608580646404826,-0.3065436428845498,5.877508636401219,4.385173287607358,2.4525215574740287,-1.3129148814041398,-4.070715545378334,-5.681588535130687,-7.148459419965548,-8.413166859362718,-7.20889182216797,-4.429699545610674,-2.0110731055146966,-0.048475062682882715,1.4191083538662497,3.8581871517153568,5.870772145553929,2.920876231560628,7.850456469472724,6.731184212507593,5.352828180686896,3.2936940188269626,0.8063939893237015,-1.3727359977971951,-3.3547936887746723,-5.106776035743447,-6.013981758088956,-5.652827730532078,-4.528534731364606,-3.0720986813863616,-1.5902478158684956,0.18493696003680204,2.109914080913446,3.2274198744451774,-1.972947833071508,-2.346010924900233,-2.9003066232128685,-4.606608900231104,-4.877109534702036,-4.308852537333491,-3.7936657311908752,-3.3063908236192705,-1.194910064079015,1.2231281849214035,2.5174616258499074,3.0236236187034797,3.0093561697347453,0.18493696003680204,3.7608580646404826,-0.3065436428845498,0
8795.9775,8794.470000000001,8785.7425,8783.982499999998,8788.80625,8780.0275,8771.8825,8742.3575,8742.00375,8739.87,8746.7375,8759.6475,8765.153750000001,8770.125,8773.73875,8764.239545454546,49.00540050627926,49.2103433961333,45.404698255144226,45.65963300264382,48.044603320425274,42.11968979568717,38.28140484968189,30.12200189103081,33.931102668539154,35.574001494352125,41.48463552653203,47.24262946849232,49.18362054551722,51.488068046282024,53.911962723217925,47.8763303852521,-2.2196886780641742,-1.748448726809175,-2.009912075113581,-2.1165585631232657,-1.4489228384251438,-1.6667417620133502,-2.2542217823460162,-4.8402481201968515,-5.212081241935879,-4.614549015658952,-2.406134885329993,0.3335673620215376,2.2999344131244275,3.2916807714443586,3.8736272743114366,1.2366671516306744,1.2228432336205517,0.7788571439095904,-0.4335086883220356,-1.6270187303707644,-1.7854739330705345,-2.7699104947078013,-4.40640680386332,-9.097724817637754,-12.060566210985598,-13.884046976944775,-13.184897866277426,-10.612571978965207,-7.675562502199683,-5.1524418319831975,-2.7061081958090654,-1.6416906135155758,3.4425319116847257,2.5273058707187657,1.5764033867915461,0.4895398327525018,-0.3365510946453905,-1.1031687326944508,-2.152185021517304,-4.257476697440902,-6.84848496904972,-9.269497961285822,-10.77876298094743,-10.946139340986743,-9.97549691532411,-8.444122603427555,-6.579735470120503,-2.87835776514625,-2.2196886780641742,-1.748448726809175,-2.009912075113581,-2.1165585631232657,-1.4489228384251438,-1.6667417620133502,-2.2542217823460162,-4.8402481201968515,-5.212081241935879,-4.614549015658952,-2.406134885329993,0.3335673620215376,2.2999344131244275,-8.444122603427555,3.8736272743114366,1.2366671516306744,0
8626.596249999999,8624.88875,8619.838749999999,8625.66,8667.623749999999,8684.813750000001,8706.3925,8716.6725,8748.7225,8702.21875,8709.79375,8740.505,8734.78875,8716.098750000001,8695.723750000001,8709.114772727273,61.684999588583715,59.98278937311129,55.3565661626473,58.82156507850294,71.59140594177632,71.91137708505421,72.73187857290881,73.20414155598104,77.55219189808983,58.77819112903858,59.69750209474699,66.43317664831339,62.147285476940546,58.77352000552793,50.393254341919786,53.14319330270616,6.116593424990853,4.447167386192113,2.5638361251294146,1.504183424728955,4.873153302993543,7.178879099833241,8.643249698531871,8.109281147027621,9.588668828438426,4.000689777709237,-0.5626224640256918,0.4758043792248756,-0.5538264960786972,-2.642725844415672,-6.5615829555342104,-5.336134173815894,9.157665904890564,9.876306512380324,9.567986724647199,9.288559660932153,14.567555435961369,20.232628761259548,25.974133841978073,29.406725992935208,35.59389724364973,32.928275298982946,28.493437352391997,29.56085596933372,28.45015702944966,25.33967650396789,18.571567358365424,9.774736483100158,3.04107247989971,5.429139126188211,7.004150599517784,7.784376236203196,9.694402132967824,13.053749661426306,17.330884143446198,21.297444845907584,26.00522841521131,28.927585521273716,29.05605981641769,29.085051590108836,29.003983525528355,27.98240234838357,25.13315031389964,15.11087065691605,6.116593424990853,4.447167386192113,2.5638361251294146,1.504183424728955,4.873153302993543,7.178879099833241,8.643249698531871,8.109281147027621,9.588668828438426,4.000689777709237,-0.5626224640256918,0.4758043792248756,-0.5538264960786972,27.98240234838357,-6.5615829555342104,-5.336134173815894,0
8131.796666666666,8135.1291666666675,8137.75,8130.25125,8132.650416666666,8140.547916666666,8133.862916666668,8133.765,8141.75125,8146.042916666667,8151.370416666668,8161.060416666667,8176.224166666668,8157.87375,8164.662916666667,8157.8431818181825,56.24250586187797,55.831383880654236,55.04012972853418,48.4253253056286,51.26675270076693,58.19303817732929,47.789037132741726,50.276196092638884,55.816566892692386,58.73054019250014,58.44256674528136,62.6415854804594,63.46366590393683,48.978357731065294,54.21055662255414,46.84610451960506,1.15958059355336,1.3805526195370377,0.5756018659936379,-1.021520836584553,-0.5231086878450711,0.7321963429553344,-0.384742356815062,-0.5973456449146223,0.7657792086045306,0.7996733221384171,0.7681422465170796,0.9042568684705392,1.9026759447379549,-2.0184402199064304,-1.2078674723566476,-1.2626294966333071,0.028330685583720577,2.7656328365172462,3.2200261185967065,1.082576485327991,0.23371571736045854,1.9090567982523985,1.1558031661237085,-0.16801648387490786,1.5310938508823708,2.777262374877409,4.234212677617658,5.118405770732656,8.9525867499918,4.419765749135877,2.2248384751771177,0.9004514325776075,-1.1312499079696396,1.3850802169802086,2.644424252603069,2.104097321912544,0.7568244052055297,1.176860455297064,1.5405455229387706,0.4293291610397145,0.7653146422778404,1.9775890527389923,3.4660704311005786,4.214148902262116,7.049910805253845,6.438205969042307,3.4327059475337656,2.1630809292109148,1.15958059355336,1.3805526195370377,0.5756018659936379,-1.021520836584553,-0.5231086878450711,0.7321963429553344,-0.384742356815062,-0.5973456449146223,0.7657792086045306,0.7996733221384171,0.7681422465170796,0.9042568684705392,1.9026759447379549,6.438205969042307,-1.2078674723566476,-1.2626294966333071,0
7883.372083333334,7883.670833333333,7889.336666666666,7882.961666666666,7886.671666666667,7889.344166666668,7919.8525,7924.869583333332,7933.060833333334,7920.67125,7901.658333333334,7888.5875,7867.889166666668,7890.770416666666,7913.722083333332,7919.612272727273,61.12061082838643,57.49317686939007,57.22955540695585,51.42184617716366,53.10102394594809,55.37836515293394,69.1774759705316,62.27131287615715,59.88605750160766,51.575119533152616,40.65773522819585,36.96999684616852,34.10698433686687,51.18731459906312,59.136422423595626,55.892302290484174,0.3414354512702665,-1.4127471478033449,-0.6851262643051959,-1.7199833597219152,-0.9353767592173621,-0.4055978415651208,3.1925076852238625,1.8376264226090533,0.3926479460765047,-2.301790273126767,-4.416078103046331,-3.5720762456164943,-3.7056374958118,1.9739885146657088,5.26073394568954,1.9489710433574765,10.948201317327854,7.5715931351005565,6.92041984902759,4.130658475557084,2.915326751947456,2.1563605868474647,8.235847019114923,11.346581110339383,11.122535444533241,6.784253075697053,-0.95510529677919,-5.873972334713018,-11.795408950514078,-7.223754266508575,2.1694628479676794,7.196641157999281,10.606765866057591,8.9843402829039,7.605546113332786,5.850641835278998,3.850703511164818,2.5619584284125856,5.043339333891062,9.508954687730327,10.729887498456737,9.086043348823818,3.460972806267141,-2.3018960890965223,-8.089771454702277,-9.197742781174282,-3.0912710977218603,5.247670114641803,0.3414354512702665,-1.4127471478033449,-0.6851262643051959,-1.7199833597219152,-0.9353767592173621,-0.4055978415651208,3.1925076852238625,1.8376264226090533,0.3926479460765047,-2.301790273126767,-4.416078103046331,-3.5720762456164943,-3.7056374958118,-9.197742781174282,5.26073394568954,1.9489710433574765,0
7883.86475,7877.3675,7905.45825,7916.63125,7919.2785,7895.41975,7886.66725,7886.725,7881.7125,7876.765499999998,7865.272,7864.7105,7866.794,7883.86775,7886.005249999998,7876.699772727273,38.4407063579006,41.203183222680074,65.64094908449142,63.148931299047106,57.382619702637605,39.36314124733517,41.23394169238159,46.34350637133297,46.250377604203656,44.21916639832564,39.484729987116715,45.364836995920754,50.26653510070813,61.894523426276656,55.71737842421929,46.69299508228218,-1.2591795569365811,-0.34914422077213275,3.3799120590548783,1.2904076843970531,-0.738868578322837,-3.317060018707321,-1.36863694314654,0.6878167402890967,0.3747844452176423,0.11161958659345196,-0.7626879591101113,0.44361320977553625,1.0604474074011752,2.101540159527932,0.07826458429930891,-1.5603819481084296,-3.0237214676845725,-5.440367632508331,3.3880598915379783,8.442744231102006,5.472307472927878,-1.7410479436761306,-6.1936906168621135,-4.08571722635088,-3.9737624252774366,-2.904910286282939,-4.8257558372224585,-4.1236007618821535,-2.029846996976357,3.7696223163498868,4.4952491285826905,0.06719695239338433,-1.7645419107479912,-5.0912234117362,0.00814783248309956,7.152336546704952,6.211176051250715,1.5760120750311906,-4.8250536737155745,-4.7735339666399765,-4.3485468704950785,-3.0165298728763905,-4.063067878112348,-4.567213971657688,-3.0902944043775324,1.6680821568219557,4.416984544283381,1.627578900501814,-1.2591795569365811,-0.34914422077213275,3.3799120590548783,1.2904076843970531,-0.738868578322837,-3.317060018707321,-1.36863694314654,0.6878167402890967,0.3747844452176423,0.11161958659345196,-0.7626879591101113,0.44361320977553625,1.0604474074011752,1.6680821568219557,0.07826458429930891,-1.5603819481084296,0
7863.153999999998,7867.24475,7866.3395,7867.58425,7874.694,7874.15525,7876.75225,7890.23875,7905.83425,7919.9765,7931.66275,7929.84375,7935.2305,7898.23175,7899.31275,7869.25,36.29726787814211,50.37590060557904,47.23163850018667,52.467875771027146,62.30660824755546,53.47526653352274,56.49032879989932,65.22586375555466,70.76686134186244,65.27345229230792,61.293419584317924,56.561683351743966,55.030709100134246,39.648756953952635,43.580312757305705,33.96506360944378,-0.7462379848801909,0.6340730222895418,0.2242626535605951,0.25285294036774025,0.7644087846303445,-0.22352991553341509,0.04591226927229286,1.1840408823815907,1.1975484613141494,0.6446897540733947,-0.16891248911841678,-1.2871552225888825,-0.7388876001433592,-4.11731237704698,0.2798264077653282,-1.848956013212465,-2.63729426824857,-1.8244221802245195,-0.3235403768661854,-0.3168626038022012,1.9068683348421476,1.6007441014507091,0.9913971166247392,4.664225591914419,6.558242148802947,8.977302645802501,9.162317978771352,5.055815694823742,5.526821103762631,-8.079519619479196,-6.302408473041852,-10.51481708721605,-1.8910562833683795,-2.458495202514061,-0.5478030304267805,-0.5697155441699414,1.1424595502118031,1.8242740169841245,0.9454848473524464,3.4801847095328284,5.360693687488798,8.332612891729108,9.33123046788977,6.342970917412622,6.26570870390599,-3.962207242432217,-6.582234880807179,-8.665861074003585,-0.7462379848801909,0.6340730222895418,0.2242626535605951,0.25285294036774025,0.7644087846303445,-0.22352991553341509,0.04591226927229286,1.1840408823815907,1.1975484613141494,0.6446897540733947,-0.16891248911841678,-1.2871552225888825,-0.7388876001433592,-3.962207242432217,0.2798264077653282,-1.848956013212465,0
7543.4085,7545.441,7544.736,7542.429,7543.69525,7549.78575,7563.195,7564.88475,7567.451,7555.62775,7546.1955,7538.701,7544.19425,7548.8935,7548.149499999998,7544.600909090909,59.47888547148446,54.76371171094065,53.69301844507954,48.6122326887192,51.34606328905196,55.834990352856394,61.38722424342806,56.45818451685171,54.6492760888711,44.44999032602654,40.57371088830576,41.957191140434546,48.91644642946719,53.0011923571966,51.33048956725147,46.72369791237292,0.5319060029137378,-0.3733019701364088,-0.43547537384883295,-0.4937837856988601,-0.017682857060810915,0.5698794858381715,1.2116087346510545,-0.2084191397376212,-0.3600259677577736,-1.7352994335035312,-1.1618680217779225,-0.3641164150353811,1.144840678047309,1.0174538253812715,0.07077366546624092,-0.4800029656156194,3.817825411806552,3.1417890746151897,1.1736405012030446,0.5433042594837388,-0.04953022978370427,1.5347993300428242,4.8505792881099286,4.146220005623036,3.1154922889822045,-0.8057721744499758,-3.9396344195110027,-5.423349320244778,-1.8445884486744943,0.5666960657708842,0.595805653721527,-0.17964551140366067,3.2859194088928145,3.5150910447515984,1.6091158750518777,1.0370880451825992,-0.031847372722893355,0.9649198442046528,3.6389705534588748,4.3546391453606565,3.4755182567399783,0.9295272590535554,-2.777766397733081,-5.059232905209398,-2.989429126721804,-0.4507577596103874,0.5250319882552861,0.30035745421195875,0.5319060029137378,-0.3733019701364088,-0.43547537384883295,-0.4937837856988601,-0.017682857060810915,0.5698794858381715,1.2116087346510545,-0.2084191397376212,-0.3600259677577736,-1.7352994335035312,-1.1618680217779225,-0.3641164150353811,1.144840678047309,-0.4507577596103874,0.07077366546624092,-0.4800029656156194,0
7358.56175,7358.08225,7355.42475,7361.6615,7355.24625,7350.05325,7349.2035,7319.189499999998,7329.4715000000015,7330.37875,7329.64575,7335.19275,7334.0265,7334.018,7325.77725,7327.480227272726,58.504770903953066,52.54646166172461,49.6289588141674,57.63882466879718,44.16333746340392,42.83519428186675,44.67258405319992,30.79211666802528,46.89846061055352,48.95611411239975,49.84208762376365,53.57162387568124,51.302458986104504,49.75097449774248,39.80747621217309,48.16874134579625,0.10802750378436814,-0.5236645163176307,-0.5191670210934275,0.5197544889449051,-0.8196527220630824,-0.6138776099297742,0.18272884070559406,-2.4548776421051755,1.4157200498636129,1.1012651871978312,0.3670305249809868,0.6257889147705593,-0.13580886679456802,-0.1304496082820097,-0.9673625696114899,0.30632549089386096,3.049300868759656,1.7470198460482609,-0.11213162620551884,1.3549164162517626,0.05368583303898049,-2.3120342007121506,-1.5353833038210722,-8.410854497938635,-4.467804277050799,-1.5042365875410724,-0.869179268094922,1.1070756477986834,0.6259257696529857,0.5157180368256377,-1.787269873666719,-1.6648270684908395,2.941273364975288,2.270684362365891,0.40703539488790863,0.8351619273068577,0.8733385551020629,-1.6981565907823766,-1.7181121445266665,-5.95597685583346,-5.8835243269144115,-2.6055017747389035,-1.2362097930759088,0.4812867330281241,0.7617346364475538,0.6461676451076473,-0.8199073040552288,-1.9711525593847004,0.10802750378436814,-0.5236645163176307,-0.5191670210934275,0.5197544889449051,-0.8196527220630824,-0.6138776099297742,0.18272884070559406,-2.4548776421051755,1.4157200498636129,1.1012651871978312,0.3670305249809868,0.6257889147705593,-0.13580886679456802,0.6461676451076473,-0.9673625696114899,0.30632549089386096,0
7154.9555,7162.30975,7165.12025,7170.01975,7169.06975,7163.82775,7163.12375,7164.65025,7162.5745,7152.055,7150.96175,7150.6175,7146.691999999999,7151.154,7159.4619999999995,7153.645,64.82516895492179,65.46244296545024,58.300462323110864,59.28853418863204,51.756198407572775,45.44857153361619,48.538403053527595,50.83767416910729,44.702147598937884,28.982267556983853,38.406800152802965,44.684145340595066,39.645955054027574,52.92263998112257,59.575059173762725,48.30361275343709,0.8725585227882574,0.5884693591091421,-0.2184810916737072,-0.030074684382755287,-0.5596972477203228,-0.8780510313219695,-0.11108229964358944,0.2937864049751532,-0.14930949460563545,-0.9971517205320412,0.07755842895642928,0.4533869308955514,-0.13397602230145128,0.6801930019655857,1.0464391764600836,-0.7106726128733261,2.077922055380532,3.9132152766813295,3.282998281912751,2.9325340891728047,2.1992941316254475,-0.32306177831542304,-1.1803307530608436,-0.1414999703995818,-0.26735098805256713,-2.8218204957289346,-3.055472571824248,-1.739882344909074,-1.5399779604397736,-0.7910620075649604,2.5265613833717,0.6085697537008111,1.2053635325922742,3.3247459175721885,3.501479373586458,2.96260877355556,2.75899137934577,0.5549892530065466,-1.0692484534172542,-0.43528637537473497,-0.11804149344693167,-1.8246687751968933,-3.1330310007806768,-2.1932692758046257,-1.4060019381383224,-1.4712550095305457,1.4801222069116162,1.3192423665741368,0.8725585227882574,0.5884693591091421,-0.2184810916737072,-0.030074684382755287,-0.5596972477203228,-0.8780510313219695,-0.11108229964358944,0.2937864049751532,-0.14930949460563545,-0.9971517205320412,0.07755842895642928,0.4533869308955514,-0.13397602230145128,-1.4712550095305457,1.0464391764600836,-0.7106726128733261,0
7342.1995000000015,7341.05025,7341.34,7340.4865,7321.7095,7307.62125,7315.3345,7317.2385,7318.57175,7312.85475,7312.174,7318.7225,7317.985,7312.1515,7320.7235,7330.776136363636,37.76440937851979,45.867374933364346,45.912743399221526,48.10412019408349,34.357433782617306,36.668864178921105,48.15223292063879,50.559848926804094,50.61578069769521,45.93565967274867,47.41034763825655,55.07478126939021,51.25680340191897,42.88186081903111,59.641346615289706,60.472032356165755,-0.025488699794470642,0.8956779250563551,0.7721043076312247,0.2402226363544729,-1.6630528043462025,-1.0200318271283535,1.7991925321942952,1.1846584658904529,0.36073078122196706,-0.5334973725281705,-0.06501427040589829,0.7749597376101716,-0.038848568331033694,-0.714553290233077,0.8744340176443611,0.9224982872127704,-5.7526410197441695,-4.7195396403713845,-1.4119877567050936,-1.4631299542338638,-4.601498494681981,-8.554113094292735,-3.732618958449712,-0.7434770492484859,0.4768625352565322,-1.0856821616544041,-1.3049781729003371,0.8206590316714027,1.0436621989927517,-1.0180132773678452,0.608607090013902,3.915442985512776,-5.7271523199497,-5.6152175654277405,-2.184092064336318,-1.7033525905883369,-2.93844569033578,-7.534081267164379,-5.531811490644007,-1.928135515138939,0.11613175403456527,-0.5521847891262334,-1.2399639024944389,0.045699294061231216,1.0825107673237853,-0.3034599871347682,-0.2658269276304591,2.9929446983000045,-0.025488699794470642,0.8956779250563551,0.7721043076312247,0.2402226363544729,-1.6630528043462025,-1.0200318271283535,1.7991925321942952,1.1846584658904529,0.36073078122196706,-0.5334973725281705,-0.06501427040589829,0.7749597376101716,-0.038848568331033694,-0.3034599871347682,0.8744340176443611,0.9224982872127704,0
7189.0787500000015,7186.51975,7196.204000000001,7199.566,7197.83525,7193.9865,7192.262,7190.91475,7189.85225,7189.4745,7186.76875,7179.8375,7142.254,7121.269,7123.01325,7130.904545454546,45.26250909768117,44.53797824793004,60.90985547349599,57.23774854496001,52.060824587575254,44.545011933162414,45.31489873619731,45.663469703303086,44.95119566900073,47.036438834955455,42.60187734539552,36.30818035752733,23.065808496848373,30.47632653527695,43.37217875692925,49.7211943028281,0.04248437526698383,-0.1004282261737376,1.176875519088999,0.3623841460085504,-0.5034084086724038,-0.6470755986068379,-0.25934038521524433,0.04692204029840654,0.043461736415912715,0.0936043582967684,-0.18268876438287396,-0.5249724788130566,-3.5253684364179043,-1.361163156722592,1.996421063547588,2.6432290080246914,-1.2794817076530307,-1.4335380561122293,1.04174480018346,2.7908717548217283,1.1502997998472893,-0.2739960293457443,-1.2051561197383307,-1.083997441770316,-0.8640495143238696,-0.6627774277339086,-0.9287025073143014,-2.5715403672637875,-9.922881548768599,-14.506745940904606,-10.669538732348704,-2.4975938476199278,-1.3219660829200146,-1.3331098299384916,-0.13513071890553893,2.4284876088131777,1.653708208519693,0.37307956926109376,-0.9458157345230864,-1.1309194820687227,-0.9075112507397822,-0.756381786030677,-0.7460137429314274,-2.0465678884507312,-6.397513112350698,-13.145582784182013,-12.665959795896287,-5.140822855644618,0.04248437526698383,-0.1004282261737376,1.176875519088999,0.3623841460085504,-0.5034084086724038,-0.6470755986068379,-0.25934038521524433,0.04692204029840654,0.043461736415912715,0.0936043582967684,-0.18268876438287396,-0.5249724788130566,-3.5253684364179043,-13.145582784182013,1.996421063547588,2.6432290080246914,0
7229.13775,7234.33175,7224.586999999998,7225.90175,7223.1405,7216.78125,7229.060249999998,7225.13275,7228.6855,7232.43725,7226.43225,7221.5255,7220.1925,7194.3695,7218.46425,7243.602954545456,45.53710517877671,52.57200963155266,42.08260112710772,46.949965841524,46.01135799644225,41.27373110499236,56.815940566595486,49.83633698468954,53.96901780046596,53.92720927578547,46.171873178534206,43.27194029509641,44.78071084602754,28.022982316639446,55.70074601305126,61.031113141275114,0.4796526836457166,1.158618634133212,-0.7488012676797419,0.2132863972272302,0.08379440011548442,-0.3944342435674977,1.5155957823535133,-0.2370693496612523,0.1387683322144114,0.21541356915960413,-0.8413874236574252,-0.5654887520961648,0.0954193618035844,-2.389412451853747,3.0663980338583534,3.154293130313768,-3.381130718950317,-0.5602123389238841,-1.6728377508873564,-1.7423227038033473,-1.6131549613832248,-2.430557202669024,0.8624793191171193,0.8570902207190556,0.9414861570505308,2.1882948101683724,-0.2998733665723193,-2.0809236147252705,-1.7366503785917302,-6.789502953052852,-2.438603305984634,9.256352166532453,-3.8607834025960335,-1.718830973057096,-0.9240364832076144,-1.9556091010305776,-1.6969493614987092,-2.0361229591015264,-0.6531164632363938,1.094159570380308,0.8027178248361195,1.972881241008768,0.5415140570851059,-1.5154348626291057,-1.8320697403953143,-4.400090501199105,-5.5050013398429885,6.102059036218684,0.4796526836457166,1.158618634133212,-0.7488012676797419,0.2132863972272302,0.08379440011548442,-0.3944342435674977,1.5155957823535133,-0.2370693496612523,0.1387683322144114,0.21541356915960413,-0.8413874236574252,-0.5654887520961648,0.0954193618035844,-4.400090501199105,3.0663980338583534,3.154293130313768,0
7228.309999999998,7229.2675,7231.02,7229.945,7225.07375,7228.153749999998,7225.59625,7226.705,7225.9875,7220.54875,7215.9775,7214.87375,7216.9,7216.1325,7224.268749999998,7222.3429545454555,42.55071684483458,45.31628870572031,47.670426079601405,45.194644753452536,39.367047912705615,46.754248679279634,43.513168187163174,46.392175048314655,46.27403562463061,39.23853919708884,34.568358683263284,36.38696683314178,39.962241278754995,41.56511816962745,52.06925114389942,47.86024754600747,-0.3432201390913533,-0.3189316445032244,-0.02766766741356219,0.06486652522382752,-0.3871405745656237,-0.15321200597924156,-0.26506827521105136,-0.05380051057019153,0.04163890036916651,-0.35840863631640674,-0.9200791962290408,-1.1322091264359926,-0.6516735304220382,-0.3589432014648586,0.6975499239012393,0.7900195502951004,-1.7161447529615543,-1.8698234919825156,-1.632337235916566,-1.4917151176168773,-2.083097415134489,-1.959428808170287,-2.1960214737155184,-2.038668701700772,-1.9413391545181184,-2.4499714540529567,-3.393344804542721,-4.185689609914334,-4.078682470147214,-4.026186160573161,-2.7484582628680982,-0.8230215187355001,-1.3729246138702011,-1.550891847479291,-1.6046695685030037,-1.5565816428407049,-1.6959568405688654,-1.8062168021910456,-1.9309531985044668,-1.98486819113058,-1.9829780548872848,-2.09156281773655,-2.4732656083136804,-3.0534804834783413,-3.427008939725176,-3.6672429591083024,-3.4460081867693377,-1.6130410690306003,-0.3432201390913533,-0.3189316445032244,-0.02766766741356219,0.06486652522382752,-0.3871405745656237,-0.15321200597924156,-0.26506827521105136,-0.05380051057019153,0.04163890036916651,-0.35840863631640674,-0.9200791962290408,-1.1322091264359926,-0.6516735304220382,-3.6672429591083024,0.6975499239012393,0.7900195502951004,0
7330.15,7330.8975,7331.6275,7331.41,7332.45125,7333.31875,7331.195,7326.088750000001,7325.71125,7322.66125,7323.01375,7325.135,7323.19875,7322.76,7323.0525,7307.104772727273,50.09523084302309,51.35320776875544,52.2781489838523,51.63133231093339,54.61119847239748,57.08271533397874,48.283845803741706,37.02025004624672,37.224763532451426,34.630205920687445,35.918640709182775,44.53110032877339,40.00112100443837,40.442861109357096,41.516368009829726,23.36852042143504,0.05230736505118405,0.3411147739705344,0.495701966171857,0.4962569311398008,0.5378460891300462,0.5816030617357073,0.3269689371434843,-0.3625200516830542,-0.6885230256662761,-0.9040355304474847,-0.7856412918814186,-0.3950958765741689,-0.3291192131835996,-0.2322603334156046,-0.05544191466431237,-1.3717727209719277,-1.3928318634616517,-0.9667094886485756,-0.5793441396454001,-0.32699366794849993,-0.022875707765251718,0.30568149771170283,0.2666623065329077,-0.5170378628417893,-1.1547803511134591,-1.8078473892292093,-2.0956224932497207,-1.9540429992134705,-2.0599105498954486,-2.0961566847095128,-1.9592923717186752,-4.869898198892606,-1.4451392285128355,-1.30782426261911,-1.0750461058172571,-0.8232505990883007,-0.5607217968952979,-0.2759215640240044,-0.06030663061057659,-0.15451781115873514,-0.466257325447183,-0.9038118587817248,-1.3099812013683019,-1.5589471226393017,-1.730791336711849,-1.863896351293908,-1.9038504570543624,-3.4981254779206767,0.05230736505118405,0.3411147739705344,0.495701966171857,0.4962569311398008,0.5378460891300462,0.5816030617357073,0.3269689371434843,-0.3625200516830542,-0.6885230256662761,-0.9040355304474847,-0.7856412918814186,-0.3950958765741689,-0.3291192131835996,-1.863896351293908,-0.05544191466431237,-1.3717727209719277,0
7134.18875,7132.40625,7133.56125,7131.2925,7130.44875,7131.2525,7133.43,7133.525,7135.3425,7135.11375,7134.6500000000015,7135.27875,7133.9375,7133.1925,7134.01,7132.244545454545,52.860411220231455,47.70808562044285,51.30829447464929,44.995121605456895,42.36343755493333,46.98207100488804,52.73314993266914,53.51139210716254,58.580834366482755,56.40759168807189,53.73777904012212,56.24819321174632,49.28262913682613,49.17499224713487,51.2174565730712,47.15711209770303,-0.046940100123992634,-0.3840617913534803,-0.3384248936662372,-0.5305712391284085,-0.6228733547185146,-0.5168758929140904,-0.2045665595146537,0.009915509602073677,0.2547423142631623,0.3096758096953504,0.2065863959306359,0.1612966303750411,0.0334376702352574,-0.19480046904738704,-0.1240277156258938,-0.24093432122036454,1.3081564855851866,0.8066122235932198,0.6843235000173991,0.2451943725545789,-0.14470709392844586,-0.32181653776297026,-0.15172322304533736,0.04711014076701758,0.3904263420613461,0.5990843839867921,0.6133024112409657,0.644055186577134,0.5708544426165645,0.2499496476921195,0.25203214899147497,-0.2948219160462031,1.3550965857091792,1.1906740149466999,1.0227483936836363,0.7757656116829874,0.4781662607900686,0.19505935515112025,0.05284333646931631,0.03719463116494391,0.13568402779818378,0.2894085742914417,0.40671601531032986,0.4827585562020929,0.537416772381307,0.4447501167395065,0.3760598646173687,-0.05388759482583854,-0.046940100123992634,-0.3840617913534803,-0.3384248936662372,-0.5305712391284085,-0.6228733547185146,-0.5168758929140904,-0.2045665595146537,0.009915509602073677,0.2547423142631623,0.3096758096953504,0.2065863959306359,0.1612966303750411,0.0334376702352574,0.4447501167395065,-0.1240277156258938,-0.24093432122036454,0
7112.5475000000015,7111.36125,7113.2325,7110.43625,7111.991250000001,7108.16,7111.637500000002,7115.75375,7115.7325,7120.8475,7120.36,7120.87875,7123.2625,7125.9925,7123.3899999999985,7128.249318181817,47.88173726571246,47.37237856051827,50.65310850640647,46.502482094693136,48.58370865773282,44.65120221710582,50.11618778131714,55.85097220986867,55.26350777259829,61.79379815171626,57.83115321053858,59.3028227517376,62.383220855508156,64.85646500360903,57.93312068804872,62.869052858693934,-0.6214322593790362,-0.5614381969554155,-0.3059897079820491,-0.373955780835194,-0.20115104285969526,-0.43415971510097934,-0.12640920671725595,0.4175214330314699,0.6297001197601928,1.0955138889965146,1.0317501780128944,0.8238737643346454,0.8358775297086114,0.9468944284098963,0.5023563484863494,0.3644721192199919,-0.08215238539332859,-0.3109802718995525,-0.25374238746417177,-0.4956001888731407,-0.4346560414119267,-0.8607635883440707,-0.6591649925831007,0.01852403142993353,0.5217933269395871,1.4783658237929558,1.9669137485834651,2.1779911211638137,2.5997337581925417,3.1819475064930884,3.0533954067768723,3.1908990910402615,0.5392798739857076,0.25045792505586306,0.052247320517877324,-0.12164440803794675,-0.23350499855223145,-0.4266038732430914,-0.5327557858658447,-0.3989974016015364,-0.10790679282060567,0.3828519347964411,0.935163570570571,1.3541173568291682,1.7638562284839308,2.2350530780831916,2.5510390582905225,2.8264269718202693,-0.6214322593790362,-0.5614381969554155,-0.3059897079820491,-0.373955780835194,-0.20115104285969526,-0.43415971510097934,-0.12640920671725595,0.4175214330314699,0.6297001197601928,1.0955138889965146,1.0317501780128944,0.8238737643346454,0.8358775297086114,2.2350530780831916,0.5023563484863494,0.3644721192199919,0
6890.0475000000015,6888.81,6885.880416666668,6882.2325,6880.892083333332,6880.90625,6885.483333333334,6888.5787500000015,6885.4591666666665,6890.4695833333335,6915.572916666666,6928.2825,6925.39875,6916.309583333334,6919.245416666668,6909.341136363637,54.07680465031951,48.90427453056002,40.985200074081334,36.65725546282947,37.54083368776384,44.708923150597116,55.20518024987689,58.864670885519935,49.48425748354352,60.80062308011218,75.48622218199131,70.71795408625519,60.81231604028093,51.26850294220478,53.09642177517914,43.893385803779566,0.30570350476594194,0.09320018138437186,-0.4013316724558961,-0.6621250325026409,-0.22227408151934092,0.09470635406646323,0.8215204168088376,0.822112187212636,-0.08010061160730841,0.2801256454178678,2.772367131337865,2.6050966974768466,0.06517984164601269,-2.4008277698482,-1.5376751413617311,-1.6441833985524017,0.049959103332791216,0.26553619678300794,-0.5433646525886312,-1.8059476242606247,-1.8849369027299567,-1.789608769937028,-0.1586234000880419,1.1747161261564545,0.7393902951898781,1.082331106483404,6.03949016067827,10.267054819606985,9.724486919522557,4.807811320134836,2.7707297859468176,-0.8149209740593671,-0.2557444014331507,0.1723360153986361,-0.14203298013273502,-1.1438225917579845,-1.662662821210616,-1.8843151240034912,-0.9801438168968796,0.3526039389438183,0.8194909067971865,0.8022054610655361,3.2671230293404037,7.6619581221301365,9.659307077876543,7.208639089983037,4.3084049273085485,0.8292624244930344,0.30570350476594194,0.09320018138437186,-0.4013316724558961,-0.6621250325026409,-0.22227408151934092,0.09470635406646323,0.8215204168088376,0.822112187212636,-0.08010061160730841,0.2801256454178678,2.772367131337865,2.6050966974768466,0.06517984164601269,7.208639089983037,-1.5376751413617311,-1.6441833985524017,0
7096.3983333333335,7095.391666666666,7098.739166666666,7101.1883333333335,7107.364583333332,7109.1379166666675,7109.641666666666,7106.502083333334,7110.6125,7101.461666666666,7100.056666666666,7108.80375,7123.020416666666,7135.585416666668,7127.9575,7125.975227272727,39.782164386035326,43.56928368501933,47.372752043156794,50.26807576032843,57.682452586325205,58.383462095056295,55.817790749544756,50.09758327551484,54.346768134898156,41.52146505592065,42.98134950276626,57.63009558954329,66.11664532454918,67.96275634409291,55.26743689357685,51.938056579244005,-0.5060201338739612,-0.11595731013776453,0.8087142711594384,1.0072104484719635,1.3430991833926242,0.8793592834784951,0.2464568881621322,-0.6518748739787338,0.1363171966424881,-1.102024965856171,-0.7069574690188064,0.8009020347286208,2.19227910693478,2.393909743735316,-0.36878919014554973,-1.3794529915591325,-4.387484778078941,-4.5640539897411445,-2.9065635298878383,-1.3135811901521872,0.7332528307805054,2.0248659719621482,2.295133141159264,0.6384380462504851,1.3357035300262698,-0.8307680315541196,-1.84449754131568,-0.15007641189640708,3.5370331862230464,7.57671598678841,6.322338732923527,2.5278167794961277,-3.881464644204981,-4.44809667960338,-3.715277801047277,-2.3207916386241507,-0.6098463526121191,1.1455066884836524,2.048676252997132,1.2903129202292187,1.1993863333837818,0.27125693430205144,-1.1375400722968738,-0.9509784466250278,1.3447540792882668,5.1828062430530935,6.691127923069076,3.90726977105526,-0.5060201338739612,-0.11595731013776453,0.8087142711594384,1.0072104484719635,1.3430991833926242,0.8793592834784951,0.2464568881621322,-0.6518748739787338,0.1363171966424881,-1.102024965856171,-0.7069574690188064,0.8009020347286208,2.19227910693478,5.1828062430530935,-0.36878919014554973,-1.3794529915591325,0
7182.9416666666675,7188.157916666668,7184.3325,7185.113333333333,7176.972083333332,7176.5575,7168.804166666668,7168.967083333332,7170.2908333333335,7179.65625,7187.345416666668,7184.872083333334,7184.215833333333,7176.5275,7178.802083333332,7182.723863636364,40.219188686372966,49.52801937496951,43.30120369440753,48.34004588811752,38.516342452546226,44.20675154115362,39.765957303655576,45.0507251271713,46.41292207739662,58.31056934428909,61.291454626384294,55.41893753358185,52.33757693672889,41.94002438281054,49.24272278733844,53.10044341418864,-0.7975053789019565,0.6550122512770007,0.23308637983531302,0.1057146327305097,-0.6011048875918541,-0.35459326152447673,-0.4828496047852531,-0.19591245367432908,0.7088016233863506,1.5976728703681602,1.988144362104304,0.23775700518745746,-0.4812349532414691,-1.3738274961971,-0.5653865495327889,0.4199045011925064,-3.3659603384198817,-1.75012864652399,-1.2418212479083195,-1.4150970730614365,-2.3190814164475646,-2.9461324723524736,-3.570070619715807,-4.072008332878492,-2.3990578197299333,-0.02383646690001721,3.46620797997654,3.160806081366597,2.1469353793739483,-0.2198438184097237,-1.0718020602777567,0.5537221870014367,-2.5684549595179247,-2.4051408978009907,-1.4749076277436326,-1.5208117057919464,-1.7179765288557105,-2.5915392108279973,-3.0872210149305537,-3.876095879204162,-3.107859443116284,-1.6215093372681777,1.4780636178722368,2.9230490761791392,2.628170332615417,1.1539836777873762,-0.5064155107449677,0.13381768580893036,-0.7975053789019565,0.6550122512770007,0.23308637983531302,0.1057146327305097,-0.6011048875918541,-0.35459326152447673,-0.4828496047852531,-0.19591245367432908,0.7088016233863506,1.5976728703681602,1.988144362104304,0.23775700518745746,-0.4812349532414691,1.1539836777873762,-0.5653865495327889,0.4199045011925064,0
7214.2962499999985,7221.604583333334,7228.439583333333,7233.857083333332,7230.475833333333,7232.055833333334,7224.515833333333,7230.416666666666,7227.82375,7230.000833333333,7235.925,7230.8825,7234.383333333332,7240.655833333332,7240.939583333334,7244.871363636364,49.60685531885226,59.320380524226294,64.05403600198419,67.00068513464093,54.497963465829905,54.762631949892324,44.186975521121454,55.05100253341107,47.84762554148036,53.142455034114334,61.777405747947284,48.61585313893039,55.16060251733342,62.479471957845746,59.22927654222329,56.19123001037895,0.7542807216024549,1.2999989767760902,1.4242851475774316,0.8832053515877681,-0.2721411417873963,-0.539657040066437,-1.3998134345387043,-0.15092448466670927,-0.07243324853691756,-0.02278916772476353,0.7092649171250971,-0.207551209824981,-0.07811627687507262,0.7123910200429341,0.19928316796173565,0.12484330534493725,-1.2430475991159255,0.9800361088799341,3.30226098117267,4.205682520827092,3.669182261810117,2.6156002978583883,0.1986590143402888,0.12877724107647734,0.4560339415271907,0.19719705133911705,1.5594495659235388,1.1364643303562236,0.822590645890917,2.246229785024449,2.2981734386301773,2.801499958363737,-1.9973283207183803,-0.3199628678961562,1.8779758335952383,3.322477169239324,3.9413234035975133,3.1552573379248248,1.5984724488789932,0.27970172574318664,0.5284671900641082,0.21998621906388052,0.8501846487984416,1.3440155401812048,0.9007069227659896,1.5338387649815148,2.0988902706684414,2.6766566530188003,0.7542807216024549,1.2999989767760902,1.4242851475774316,0.8832053515877681,-0.2721411417873963,-0.539657040066437,-1.3998134345387043,-0.15092448466670927,-0.07243324853691756,-0.02278916772476353,0.7092649171250971,-0.207551209824981,-0.07811627687507262,1.5338387649815148,0.19928316796173565,0.12484330534493725,0
7340.560416666667,7338.235,7349.552083333332,7345.45375,7349.046666666667,7358.897916666668,7358.2425,7360.158333333333,7351.344583333333,7350.41625,7345.013333333332,7342.580416666668,7338.892916666668,7336.324166666667,7330.158333333334,7336.1225,46.986386035797864,47.02436258044025,61.10410076480574,52.32908661058314,56.27820332067896,63.85233440782493,56.66976301484909,56.31106944130822,45.95575228705698,46.12468383390156,41.754602217633256,39.96892474722749,38.75497185633225,37.563731163621775,35.69807114894419,50.048582444104426,-0.9372831790334802,-1.2211661073613849,0.9672827115201684,0.07087686209797432,0.1466136789831163,1.0468147034588584,0.26843545865602103,-0.23578175716801844,-1.4813101027858098,-1.0014997953309328,-0.906629322200162,-0.5249279536859549,-0.35863071564280186,-0.10543054391326094,-0.5026388489808228,1.0217470471256451,1.6036958060164277,-0.8405015007295636,1.649249226171681,1.4993688722168674,1.7012119028025456,3.5293612936149352,3.9334789355660487,3.339022123547238,0.4939001026030686,-0.8707386365726961,-2.163413326919605,-2.782847471362705,-3.309935800038602,-3.2097287232851763,-4.309987172483488,-2.1732025126669794,2.5409789850499083,0.3806646066318213,0.6819665146515126,1.4284920101188932,1.5545982238194294,2.4825465901560766,3.665043476910027,3.5748038807152565,1.9752102053888785,0.13076115875823655,-1.2567840047194432,-2.25791951767675,-2.9513050843957997,-3.1042981793719155,-3.8073483235026657,-3.1949495597926245,-0.9372831790334802,-1.2211661073613849,0.9672827115201684,0.07087686209797432,0.1466136789831163,1.0468147034588584,0.26843545865602103,-0.23578175716801844,-1.4813101027858098,-1.0014997953309328,-0.906629322200162,-0.5249279536859549,-0.35863071564280186,-3.1042981793719155,-0.5026388489808228,1.0217470471256451,0
7485.927083333334,7488.0041666666675,7498.116666666668,7505.670833333334,7524.495416666668,7525.06125,7517.4225,7516.821666666668,7513.9679166666665,7516.996666666668,7517.12875,7511.2716666666665,7517.7962499999985,7508.535833333332,7506.704583333332,7504.112954545455,47.33006106984316,50.564878954821395,61.79428516097005,61.69136755368346,69.38987752736678,59.94747240136629,52.61136407264232,51.60827501255166,48.75375807440025,52.15096305335224,50.375647462985356,46.99562800869963,52.221795194829596,43.12502958428956,43.282491643489685,46.69305838396014,-0.8141474490636297,-0.4108189324578961,0.9336673665679184,1.4765972139413281,2.18193526530954,0.6460521107346467,-1.7407658782853723,-1.6715377479561613,-1.1930091936355605,-0.3746232667942664,0.032079988509008193,-0.9391470466984992,0.5191696952077257,-0.8060480384399606,-0.635190823986978,-0.014134581720923784,0.8223293323740108,0.17224289640792753,1.856654026873912,4.704753002380888,8.031820520689202,8.940923103236097,5.049894531096318,2.2610268640561717,0.8740838137317345,0.5083884453374594,1.0651337333727802,-1.1590345170017524,0.4896623619280642,-1.252235995015629,-2.156327295047504,-2.8957100960402715,1.6364767814376406,0.5830618288658236,0.9229866603059936,3.22815578843956,5.8498852553796645,8.294870992501451,6.790660409381691,3.932564612012333,2.067093007367295,0.8830117121317259,1.0330537448637718,-0.21988747030325312,-0.02950733327966157,-0.4461879565756685,-1.5211364710605257,-2.881575514319348,-0.8141474490636297,-0.4108189324578961,0.9336673665679184,1.4765972139413281,2.18193526530954,0.6460521107346467,-1.7407658782853723,-1.6715377479561613,-1.1930091936355605,-0.3746232667942664,0.032079988509008193,-0.9391470466984992,0.5191696952077257,-0.4461879565756685,-0.635190823986978,-0.014134581720923784,0
7205.4591666666665,7222.690416666666,7223.515833333334,7213.059583333334,7207.206666666668,7194.990833333332,7205.63625,7196.812916666668,7191.111666666668,7195.360416666666,7194.51875,7201.8845833333335,7213.01,7209.1691666666675,7214.690416666666,7219.3379545454545,47.57337819657181,62.27483173042303,58.5646709454261,45.46628825575429,41.799141594760464,37.53804361414163,49.310591814255524,41.65850277148027,40.36115392628254,47.511154788397825,47.937341111601704,54.86689251210079,62.07401607069955,54.91796418093664,59.8143128098117,59.40887138707448,-1.980905185756817,1.171964805027012,0.9998179914258224,-1.3959541194131264,-1.7807231201383191,-1.9484205298043773,0.6518862784678993,0.0071425765360289,-0.6134741183872608,0.5430008936894339,0.5855209715007362,1.3098821084640213,1.947593665262347,0.3269838801919844,0.12479136808707544,0.10997212773107444,-0.5662931248910658,2.4679950256809207,4.480758112945902,1.3770147282671132,-1.8082983813249789,-4.841018459533795,-2.9227614815755865,-2.7604957408672512,-4.108260662983412,-2.877896356116404,-2.0089792286081924,0.3069811121469381,3.411445529151933,3.5225018001051467,3.298538484365812,4.022097588225568,1.4146120608657513,1.2960302206539087,3.48094012152008,2.7729688476802394,-0.027575261186659882,-2.8925979297294173,-3.5746477600434865,-2.7676383174032804,-3.4947865445961512,-3.4208972498058383,-2.594500200108929,-1.0029009963170832,1.4638518638895863,3.1955179199131623,3.1737471162787365,3.9121254604944937,-1.980905185756817,1.171964805027012,0.9998179914258224,-1.3959541194131264,-1.7807231201383191,-1.9484205298043773,0.6518862784678993,0.0071425765360289,-0.6134741183872608,0.5430008936894339,0.5855209715007362,1.3098821084640213,1.947593665262347,3.1955179199131623,0.12479136808707544,0.10997212773107444,0
7363.57125,7363.730416666666,7372.7649999999985,7354.955,7355.067916666668,7366.282083333333,7355.198333333334,7338.44375,7327.99375,7333.812083333332,7333.924166666668,7320.83625,7324.932083333332,7322.9825,7337.58625,7331.381590909091,52.62493204010732,53.23567338820777,54.71997547648385,45.6936699306129,47.33688750800882,53.89711146749736,45.31538024353078,38.8557869069508,38.34565947828568,45.209793951470346,46.46001212503469,39.33620870809104,45.422777926786026,46.070012875505775,58.130113496579526,50.06239309789566,-2.2719729232172416,-2.63303734098208,-0.1787374209771868,-2.6180235273030172,-1.5644272355811586,0.98875203494072,-0.5425103934013019,-2.3845800159989046,-2.0445266019382884,0.5182722784953672,1.3078419426898462,-0.5066993462618403,0.4156854470667416,0.6147156462975937,2.3013845652881075,0.24681292251383735,8.82560430008516,3.963556552702206,5.291585570669668,0.16997439560357938,-2.0958765342244683,0.4268811319346544,-0.3354550193657815,-5.0388297063097225,-8.160015475261389,-6.519545625584063,-3.8302393311913265,-5.143837258723732,-4.557521397469675,-3.533078693583624,0.5013208721575211,1.1075683682340076,11.097577223302402,6.596593893684284,5.470322991646855,2.7879979229065963,-0.5314492986433099,-0.5618709030060655,0.20705537403552046,-2.654249690310817,-6.115488873323102,-7.03781790407943,-5.138081273881173,-4.637137912461889,-4.973206844536417,-4.1477943398812185,-1.8000636931305865,0.8607554457201702,-2.2719729232172416,-2.63303734098208,-0.1787374209771868,-2.6180235273030172,-1.5644272355811586,0.98875203494072,-0.5425103934013019,-2.3845800159989046,-2.0445266019382884,0.5182722784953672,1.3078419426898462,-0.5066993462618403,0.4156854470667416,-4.1477943398812185,2.3013845652881075,0.24681292251383735,0
7470.577083333334,7471.557916666668,7478.795416666668,7472.864583333334,7467.301666666666,7463.200833333332,7456.224166666668,7462.47875,7456.777083333332,7460.594583333333,7475.263333333332,7483.050416666668,7469.151666666668,7461.3933333333325,7460.6025,7448.966818181818,53.20611001853845,54.08058497286526,56.573377965665436,50.32703110638713,45.41353917369942,42.832047864168985,40.0477236347,49.12331289996818,45.16850258948836,50.420035639143286,61.84779288083337,62.37013586132825,46.79639500476993,41.38967186677522,44.959509625068684,37.18756572966449,2.1108041010186365,0.6940763184456861,1.101190358516544,-0.4912617280509886,-1.1512610726122925,-1.129987820989666,-1.0966426342412778,0.5906126800069633,0.11959353378649196,0.5150488217173999,2.1210061303093384,2.180645739885132,-1.4234197236331567,-2.265958763541956,-1.0701316402675105,-1.1853719313325657,0.9496374369518891,1.02603377369572,3.0746044941602118,1.6845221050736352,-0.2090263619588768,-2.081058005135825,-3.829297533596067,-2.3122391400512847,-2.0885740876534933,-1.3553761758485052,2.1634788512684886,6.1916984256034375,2.5899286768096013,-1.438662008320686,-2.732503146075942,-4.2965185553656,-1.1611666640667475,0.33195745525003434,1.9734141356436683,2.1757838331246235,0.9422347106534156,-0.9510701841461596,-2.7326548993547894,-2.902851820058248,-2.208167621439985,-1.870424997565905,0.04247272095915013,4.011052685718307,4.013348400442759,0.8272967552212692,-1.6623715058084314,-3.111146624033034,2.1108041010186365,0.6940763184456861,1.101190358516544,-0.4912617280509886,-1.1512610726122925,-1.129987820989666,-1.0966426342412778,0.5906126800069633,0.11959353378649196,0.5150488217173999,2.1210061303093384,2.180645739885132,-1.4234197236331567,0.8272967552212692,-1.0701316402675105,-1.1853719313325657,0
6898.154166666666,6908.47375,6921.171666666667,6930.406666666668,6924.6275,6936.0720833333335,6960.0841666666665,7016.21125,7103.679166666668,7126.58,7107.05,7136.383333333332,7223.260833333334,7286.15,7266.46,7264.455681818183,41.432854415285895,50.55784779402774,57.21582801601154,59.47118223162536,54.052760016165344,61.81533513530757,71.43984296913074,76.53391550805684,76.17660524911922,72.77128959581972,61.45505198393856,65.21709465063485,72.81038052774807,71.61262404371159,62.44032231601905,58.78220252863142,-3.0601545412956117,-0.6401853459504268,1.5725119377356165,2.1338763890271566,-0.23098351429592545,0.3398352959691631,2.6823746634989223,6.536307994031218,11.952155755914989,5.3482812098229084,-5.244207550620411,-4.494995579922903,5.00135619742879,8.239349739099852,-3.6903235931953895,-7.3730549415259965,-0.9362827296637684,-1.462725472444011,1.7446658076261583,5.5841573053280635,4.255925360396303,4.654952719556907,9.728629621285712,19.92989130917825,40.90276577130757,47.70875550041486,35.964936438984445,27.70498162674509,36.696952854310595,54.351709316287874,43.928039558586846,24.55758590648607,2.1238718116318434,-0.8225401264935844,0.17215386989054154,3.4502809163009065,4.4869088746922285,4.315117423587743,7.046254957786792,13.39358331514703,28.95061001539257,42.36047429059195,41.20914398960485,32.199977206667995,31.6955966568818,46.11235957718802,47.618363151782226,31.93064084801207,-3.0601545412956117,-0.6401853459504268,1.5725119377356165,2.1338763890271566,-0.23098351429592545,0.3398352959691631,2.6823746634989223,6.536307994031218,11.952155755914989,5.3482812098229084,-5.244207550620411,-4.494995579922903,5.00135619742879,46.11235957718802,-3.6903235931953895,-7.3730549415259965,0
7180.20875,7164.21,7164.105833333332,7182.3845833333335,7187.586666666667,7183.82,7176.22875,7170.519166666668,7173.087916666666,7186.700833333332,7198.7195833333335,7179.0945833333335,7160.378333333332,7168.564166666668,7176.49375,7178.480454545454,58.60187371411798,45.92469514035017,49.50427449645582,58.85465140829183,58.281133690677386,52.47536835987568,47.8957255486109,45.93684036467308,48.556661634621705,59.54614410311689,63.339412771230094,44.95914388620589,37.857580459240154,47.03307195475335,52.028230750752705,52.931338420181895,0.08204312481120013,-2.8290805099284206,-2.0945669448807465,1.528923585077886,1.3965046054770756,-0.42885622623913466,-1.8361130496670877,-1.6737733921363276,-0.2409632147386501,1.701792768551626,2.3369640027228584,-1.4237977766388394,-3.805199726729871,-0.7548068432487404,1.569453743117811,1.0401665643093687,8.191662199697781,2.7822255835367287,-0.9086783920914362,3.0489177543266432,5.705038920850711,4.470236614391978,0.7643466101118671,-1.9689519267117248,-1.5787046735295007,1.6057002363519741,5.695523353814224,2.481452657376697,-4.6304304372377665,-5.082987685164729,-1.4853944868564213,0.703545815236711,8.109619074886579,5.611306093465148,1.1858885527893106,1.5199941692487566,4.308534315373636,4.899092840631113,2.600459659778955,-0.2951785345753972,-1.3377414587908505,-0.09609253219965212,3.3585593510913654,3.905250434015537,-0.8252307105078965,-4.328180841915988,-3.0548482299742323,-0.3366207490726576,0.08204312481120013,-2.8290805099284206,-2.0945669448807465,1.528923585077886,1.3965046054770756,-0.42885622623913466,-1.8361130496670877,-1.6737733921363276,-0.2409632147386501,1.701792768551626,2.3369640027228584,-1.4237977766388394,-3.805199726729871,-4.328180841915988,1.569453743117811,1.0401665643093687,0
7931.553333333332,7923.584583333332,7910.090833333334,7896.72375,7876.102083333332,7878.067916666668,7889.9729166666675,7884.432916666668,7892.842083333334,7898.033333333334,7883.1675,7875.949166666666,7886.923333333332,7885.0895833333325,7887.6425,7873.740227272729,53.76621135744213,42.540972176166726,32.036672223503345,35.4200060045692,34.76604170742458,40.85442484323104,49.12528229593104,47.0135837558372,53.335896505271435,53.96436429307085,42.823287844022104,40.61032489333459,52.103039468985614,49.28724561021003,51.09979721898297,40.32118159023533,0.5976012153317729,-0.8902520404702206,-1.7447418485692248,-2.511787235551712,-2.8635177899393587,0.039941929993813,2.7924740965034944,1.6704205535955008,1.851065982595531,1.7284726599956686,-1.0978887761565403,-1.696046176370796,0.6713871923070669,0.9216599647841924,0.5248103112990705,-1.2569978159445303,1.3960093691719824,-0.6564342327060331,-3.288799751255889,-7.509965722755322,-12.310841858782775,-11.316696350920965,-5.914152083615136,-3.554468467671541,-0.9177513788410276,2.1254239909872013,-0.6633817175138574,-3.78849303058405,-2.218702804787275,-0.09400993072358688,0.4294882414330156,-2.260506572985915,0.7984081538402095,0.23381780776418756,-1.5440579026866643,-4.998178487203608,-9.447324068843416,-11.356638280914778,-8.706626180118631,-5.2248890212670425,-2.7688173614365583,0.3969513309915329,0.4345070586426829,-2.0924468542132537,-2.8900899970943414,-1.0156698955077792,-0.09532206986605496,-1.0035087570413848,0.5976012153317729,-0.8902520404702206,-1.7447418485692248,-2.511787235551712,-2.8635177899393587,0.039941929993813,2.7924740965034944,1.6704205535955008,1.851065982595531,1.7284726599956686,-1.0978887761565403,-1.696046176370796,0.6713871923070669,-1.0156698955077792,0.5248103112990705,-1.2569978159445303,0
8554.63375,8553.86375,8557.865,8556.408749999999,8551.15625,8547.77375,8546.2075,8548.838749999999,8550.1525,8550.5,8551.69125,8552.015,8552.20875,8551.735,8550.11125,8541.3025,61.0753857544275,59.41617342320303,65.84911740952562,59.640522756271174,50.75714224589567,44.45146039465117,43.934866223833545,48.623669402587225,51.83373166573435,51.504218355173315,54.07814411723518,54.88002040671058,54.56039257908093,52.708681929865214,47.156980316938146,31.605152304016837,0.7509621531520645,0.2834615992818124,0.3549217680142227,0.10292229653784536,-0.6207936103905258,-1.2865288914362767,-1.5945315270324958,-1.3471999038250364,-0.8090026885302134,-0.5110587975414908,-0.22900054846517134,-0.011857095817271237,0.04611930394720182,-0.005095643707531239,-0.21106517025251192,-1.1026352234980692,4.1881570395535155,3.9224722835997454,4.146856409470274,4.0007137833772495,3.058371275567879,1.8340243825978175,0.7479274881015954,0.2687924837846367,0.34440342216475983,0.3532817212981172,0.4828532265573813,0.6735057519281327,0.748737093535965,0.7045039674903819,0.423329675376408,-1.7188078773091215,3.437194886401452,3.6390106843179333,3.7919346414560513,3.8977914868394046,3.679164885958405,3.1205532740340938,2.3424590151340907,1.6159923876096731,1.1534061106949731,0.8643405188396079,0.7118537750225526,0.6853628477454039,0.7026177895887631,0.7095996111979131,0.6343948456289199,-0.6161726538110525,0.7509621531520645,0.2834615992818124,0.3549217680142227,0.10292229653784536,-0.6207936103905258,-1.2865288914362767,-1.5945315270324958,-1.3471999038250364,-0.8090026885302134,-0.5110587975414908,-0.22900054846517134,-0.011857095817271237,0.04611930394720182,0.7095996111979131,-0.21106517025251192,-1.1026352234980692,0
8470.106249999999,8468.17375,8465.85,8465.61375,8463.715,8465.522500000001,8469.735,8468.595000000001,8467.68375,8467.90625,8469.9775,8470.445,8471.5875,8472.8825,8470.94125,8476.730227272727,51.72294725865365,47.097174220346346,41.920634141176855,42.426733174378334,39.05320817061773,46.2489885243694,55.14166797090998,50.871493922262715,50.74769087053482,50.233306431686344,55.99997417314553,55.70967312783614,58.456720850964054,59.71959267719164,54.7600107699558,60.371383886412715,0.4291018420572024,0.16087167733421354,-0.2603400885987232,-0.3794271162634134,-0.5674672226500926,-0.37689745203229785,0.2791757494099679,0.4289225725875227,0.31565476340420817,0.22790682100825305,0.4109294437141435,0.4611954310432915,0.4667867506048138,0.5987651330710031,0.32894256169014946,0.453110791152859,0.16914233235638676,0.024278190249788167,-0.4816963348948775,-0.7730640621075509,-1.2304857435274243,-1.2827555288831718,-0.5560916780777916,-0.1821653026918284,-0.1323719460679058,-0.0985230053156556,0.2642178246042022,0.5455957345420757,0.7724756343168337,1.205518012659013,1.1275037428295036,2.142633838981717,-0.2599595097008156,-0.13659348708442534,-0.2213562462961543,-0.39363694584413744,-0.6630185208773317,-0.905858076850874,-0.8352674274877594,-0.6110878752793512,-0.448026709472114,-0.32642982632390866,-0.14671161910994138,0.08440030349878411,0.30568888371202,0.6067528795880099,0.7985611811393541,1.689523047828858,0.4291018420572024,0.16087167733421354,-0.2603400885987232,-0.3794271162634134,-0.5674672226500926,-0.37689745203229785,0.2791757494099679,0.4289225725875227,0.31565476340420817,0.22790682100825305,0.4109294437141435,0.4611954310432915,0.4667867506048138,0.6067528795880099,0.32894256169014946,0.453110791152859,0
8665.48125,8668.0925,8670.0725,8667.22625,8666.95,8668.40625,8668.715,8669.7275,8670.01,8670.05875,8669.17125,8667.8675,8666.28,8665.088749999999,8664.153750000001,8662.999545454546,48.37717024379362,54.11059090446892,56.453921480295456,48.62269969504596,49.36229805284741,53.654913070823994,52.95884192664617,55.911631382893184,56.71985343611888,56.57427005347567,52.062925746793795,47.2151262940429,40.86842623656128,39.141936421459754,36.64889431728453,40.692743121024364,-0.4846270826262771,-0.06943520223765626,0.2323524278896912,0.08674166063033048,-0.021753033284826653,0.07189671943236885,0.13431748077715064,0.22918092110575905,0.2684643259178534,0.2249020987219268,0.07670712168720463,-0.16557577269060994,-0.3881456950908303,-0.5376950379881984,-0.6233167748394668,-0.29421699347689595,-0.4147004777696566,-0.08793569670251598,0.2915906185571657,0.2212976600885668,0.11284786744545272,0.22205824623324588,0.34832443019786297,0.5458569551510664,0.717845488356943,0.7940394165379985,0.7099504972211435,0.41058720142427774,0.025715320885865367,-0.3761694596541929,-0.7707121872772404,-1.2480995709677452,0.06992660485662043,-0.01850049446485974,0.05923819066747452,0.13455599945823632,0.13460090073027936,0.15016152680087702,0.21400694942071236,0.3166760340453073,0.4493811624390896,0.5691373178160717,0.6332433755339388,0.5761629741148877,0.4138610159766957,0.16152557833400544,-0.14739541243777374,-0.9538825774908491,-0.4846270826262771,-0.06943520223765626,0.2323524278896912,0.08674166063033048,-0.021753033284826653,0.07189671943236885,0.13431748077715064,0.22918092110575905,0.2684643259178534,0.2249020987219268,0.07670712168720463,-0.16557577269060994,-0.3881456950908303,0.16152557833400544,-0.6233167748394668,-0.29421699347689595,0
8749.4575,8746.79,8744.44625,8742.568749999999,8741.32,8739.80875,8741.197499999998,8740.901249999999,8739.259999999998,8738.82,8741.79375,8742.41375,8741.615,8738.098750000001,8734.3325,8733.77,58.89495474759357,51.952612410511215,48.086433359571046,45.28414695809167,44.19305471648649,40.81100384952132,46.070621695229384,45.69275910145957,41.34617753026275,41.491918662308414,52.269309392662,50.41187122013471,48.268119922498514,39.50986612202728,32.94926405409657,41.45217002416735,-0.3692332720112088,-0.4629706722702265,-0.7866111341410641,-1.0126934141861663,-1.1187205165647125,-1.1619592890200001,-0.8859755538905003,-0.5715792372630021,-0.5533394646436545,-0.4718620133375488,-0.05150939713868363,0.1934751928072571,0.20862729241316716,-0.17467861901025697,-0.6145484622907716,-0.3338753422382494,2.3859778984124205,2.0954877947178834,1.417257348836756,0.7136733993947928,0.05025545809257892,-0.5684248858797218,-0.7850066017954305,-0.7857630835596865,-1.0427116442069746,-1.2035546436245568,-0.8790545750371166,-0.5565486040986798,-0.4294931038684808,-0.8499156509296881,-1.531175674728729,-2.385736360994501,2.7552111704236286,2.5584584669881094,2.2038684829778203,1.7263668135809591,1.1689759746572914,0.5935344031402779,0.10096895209506984,-0.21418384629668455,-0.4893721795633201,-0.731692630287008,-0.827545177898433,-0.7500237969059369,-0.638120396281648,-0.6752370319194312,-0.9166272124379574,-2.051861018756252,-0.3692332720112088,-0.4629706722702265,-0.7866111341410641,-1.0126934141861663,-1.1187205165647125,-1.1619592890200001,-0.8859755538905003,-0.5715792372630021,-0.5533394646436545,-0.4718620133375488,-0.05150939713868363,0.1934751928072571,0.20862729241316716,-0.6752370319194312,-0.6145484622907716,-0.3338753422382494,0
9047.17875,9045.695,9044.94375,9046.0575,9043.33625,9043.35375,9045.76875,9042.39375,9041.44,9042.35875,9045.22125,9050.28,9056.66625,9060.3275,9063.01375,9053.596136363636,59.28205650736003,56.33749850284168,56.03649787971518,56.29275512778919,51.22127393401479,51.29800660215254,55.257564628664255,46.653055972276185,46.46862427121694,47.660462390938406,56.63286854435646,65.27443543898698,73.5095055274034,77.05053156354296,70.69009188394325,53.90399701526177,0.7352564523192829,0.3054005754210123,-0.025354184780511883,-0.17052404730578094,-0.4657139355594007,-0.6413336909605329,-0.4062886071912977,-0.6139091365705812,-0.7812862869355177,-0.6784967846218427,-0.2286074211400959,0.4168639118962628,1.3116336037926557,1.7815523120382648,1.8559230712488584,-0.2494029245993777,3.051149217951206,2.8372642163021737,2.522943097013922,2.3050818248939318,1.817768027325656,1.3257573786022476,1.3326853569160448,0.8616614452457725,0.3101870476766635,0.058300414791119685,0.3275725612629685,1.0765627792907253,2.5323672276645084,3.8462888208950967,4.886174265770934,2.5531457191396343,2.3158927656319235,2.531863640881161,2.5482972817944343,2.475605872199713,2.283481962885056,1.9670910695627808,1.7389739641073425,1.4755705818163536,1.0914733346121812,0.7367971994129624,0.5561799824030644,0.6596988673944625,1.2207336238718527,2.0647365088568317,3.0302511945220747,2.8025486437390117,0.7352564523192829,0.3054005754210123,-0.025354184780511883,-0.17052404730578094,-0.4657139355594007,-0.6413336909605329,-0.4062886071912977,-0.6139091365705812,-0.7812862869355177,-0.6784967846218427,-0.2286074211400959,0.4168639118962628,1.3116336037926557,2.0647365088568317,1.8559230712488584,-0.2494029245993777,0
9219.66625,9215.87875,9214.76625,9211.9225,9217.3325,9223.7375,9235.67375,9249.84375,9248.935,9232.91375,9238.67375,9231.835,9236.0675,9237.56125,9235.325,9224.43818181818,60.752445029825246,57.58985340906316,56.91230721557177,55.202469441247814,58.8901061487897,62.089095978744936,68.58094941540257,70.31694133431554,66.01631735488718,54.737832589457575,58.209238928201636,53.48464354093068,56.07127060337954,56.64221009356221,54.254814237410145,47.49224905357693,3.2192263002489847,1.6710300043187871,0.3211508875103526,-0.6597522293514544,-0.708276179799614,-0.14369547436374175,1.1278319763134803,2.4018427497653514,2.24680751611536,0.0005902251737133213,-0.7384697910677618,-1.7525607473912928,-1.851646414257571,-1.6162697576323617,-1.6772792873417952,-2.329599102426998,10.559112505818119,10.058906111034958,9.0096661867492,7.8228986858493945,7.383359538476725,7.801071904154925,9.458239514068735,11.811501815881455,12.837897417456588,10.893181574737355,9.836357701337873,8.072573129209559,7.032995744867549,6.434227922778517,5.559154649541596,0.4962735918336627,7.339886205569135,8.38787610671617,8.688515299238848,8.48265091520085,8.09163571827634,7.944767378518666,8.330407537755256,9.409659066116106,10.591089901341226,10.892591349563642,10.574827492405637,9.825133876600852,8.88464215912512,8.05049768041088,7.236433936883392,2.825872694260661,3.2192263002489847,1.6710300043187871,0.3211508875103526,-0.6597522293514544,-0.708276179799614,-0.14369547436374175,1.1278319763134803,2.4018427497653514,2.24680751611536,0.0005902251737133213,-0.7384697910677618,-1.7525607473912928,-1.851646414257571,8.05049768041088,-1.6772792873417952,-2.329599102426998,0
9372.14625,9371.5375,9362.24375,9360.945,9365.47625,9374.72625,9351.2125,9312.26125,9337.23625,9334.958750000002,9327.13,9327.1675,9330.07,9335.67375,9345.79,9344.798636363637,54.38320031899748,52.953955037279165,48.360333466336975,48.10778689927466,50.86026224787582,57.3390663408887,41.32715556812382,32.163442279814355,42.614392943432534,41.50240646548528,39.9569668430276,41.22158040069249,43.09325979223709,46.73294081078785,53.02285413077223,49.87309782311054,-0.9542109295413771,-0.8437407599380471,-1.6876586791680557,-2.143220119464889,-1.704923407264789,-0.3991884473391765,-1.728990128345626,-5.5588695503455146,-4.725528419206436,-3.693395288522248,-3.012001469002749,-2.1182174717692632,-0.8343859304063299,0.4767760975289521,2.3051450042957713,1.9308775690704991,5.093852112934656,4.8080855297130265,3.233894242137467,1.7270737116259625,1.2297087990973523,2.1319426459403985,0.3296372829900065,-5.8878470912441125,-7.621937586630338,-8.582759343604266,-9.46965288121919,-9.763117679388415,-9.048620653440594,-7.692830587699063,-4.929865400603376,-0.9116139362297624,6.0480630424760315,5.651826289651072,4.921552921305524,3.870293831090851,2.9346322063621413,2.531131093279575,2.0586274113356327,-0.3289775408985971,-2.8964091674239025,-4.8893640550820185,-6.457651412216442,-7.644900207619152,-8.214234723034263,-8.169606685228015,-7.235010404899146,-2.842491505300261,-0.9542109295413771,-0.8437407599380471,-1.6876586791680557,-2.143220119464889,-1.704923407264789,-0.3991884473391765,-1.728990128345626,-5.5588695503455146,-4.725528419206436,-3.693395288522248,-3.012001469002749,-2.1182174717692632,-0.8343859304063299,-8.169606685228015,2.3051450042957713,1.9308775690704991,0
9122.02375,9128.1675,9136.20625,9208.565,9191.63,9103.8875,9110.1475,9092.32375,9099.48625,9107.48125,9110.65125,9103.701249999998,9106.24125,9115.89,9122.96625,9129.64159090909,52.59852468857722,57.08819918102033,63.18139847755063,85.57033419796969,63.968987806069244,42.77871615333481,44.84800748402811,42.41382574460367,44.61178606316738,47.39135405562118,47.44410897214915,45.944599762207254,47.56660512091011,49.973068190046035,51.53670867653655,53.529917670658676,1.1377243763972258,1.8374870471843745,2.747952479038799,9.662534976977355,10.116043474847192,-1.0379448932855917,-4.851858510510198,-8.15110831673819,-7.037692659109336,-4.838270374357678,-2.377137960014316,-1.9025848035761503,-1.1509245296492852,0.6812167784580305,1.839952214698401,2.409872690141485,-1.6835475225188932,-0.1638452907818646,2.001121040390899,12.665326708862267,18.689724422738443,8.238891497629082,2.457863045608974,-4.661998554603997,-7.193314507652758,-7.7815819967727275,-6.697781147240676,-7.212819314683657,-7.205214890969727,-5.233815979603605,-3.325837862199478,1.6025685275147803,-2.8212718989161187,-2.0013323379662387,-0.7468314386479,3.0027917318849098,8.573680947891244,9.276836390914674,7.309721556119172,3.489109762134193,-0.1556218485434221,-2.9433116224150515,-4.320643187226358,-5.310234511107506,-6.054290361320442,-5.915032758061637,-5.16579007689788,-0.8073041626267047,1.1377243763972258,1.8374870471843745,2.747952479038799,9.662534976977355,10.116043474847192,-1.0379448932855917,-4.851858510510198,-8.15110831673819,-7.037692659109336,-4.838270374357678,-2.377137960014316,-1.9025848035761503,-1.1509245296492852,-5.915032758061637,1.839952214698401,2.409872690141485,0
9049.37375,9038.01875,9031.8825,9023.35375,9088.525,9108.15875,9124.62,9090.40875,9082.56875,9069.5225,9065.83375,9066.47625,9056.0175,9065.43875,9051.3325,9041.936363636363,40.40708250239911,38.61773852264629,36.48173213222438,33.246663850622035,64.03696416895919,61.13950173730712,62.804614417735216,53.169550692345105,51.054629969341285,48.297053055368536,47.19834798084855,48.04451010250108,44.20729466325732,48.41449076180933,42.76725650286125,44.319667533916395,-2.360824756206761,-3.6632085614107344,-4.063118326131777,-4.198672235115604,2.251850445668764,7.390846390693402,9.522143118745113,5.906952428985808,2.2383643761517784,-1.242332095362099,-2.932063001235919,-2.9573093441404867,-3.6542539000786673,-2.868888375819976,-3.0362898235204727,-1.87936258981197,-2.805124992945821,-5.835212629413036,-8.252019603884037,-10.473523046077391,-4.05030773751605,4.3569304661978085,11.148990370489626,11.064750229034873,8.982090885029722,5.2033492304281035,2.215477078517324,0.7152141499354912,-1.6890792649737705,-2.5169430470195953,-4.049835465317301,-8.36395675554873,-0.4443002367390594,-2.1720040680023014,-4.188901277752261,-6.2748508109617855,-6.3021581831848135,-3.0339159244955938,1.6268472517445174,5.157797800049064,6.743726508877941,6.445681325790202,5.147540079753243,3.672523494075978,1.9651746351048969,0.3519453288003813,-1.0135456417968285,-6.484594165736759,-2.360824756206761,-3.6632085614107344,-4.063118326131777,-4.198672235115604,2.251850445668764,7.390846390693402,9.522143118745113,5.906952428985808,2.2383643761517784,-1.242332095362099,-2.932063001235919,-2.9573093441404867,-3.6542539000786673,0.3519453288003813,-3.0362898235204727,-1.87936258981197,0
9509.51625,9524.115,9534.29375,9535.63375,9525.52875,9531.33875,9575.17375,9553.91,9483.92125,9449.0375,9465.89,9483.63,9481.36125,9531.2525,9633.01625,9644.103636363636,51.0008899622373,55.60561529632202,57.72394213359802,58.24080695851853,51.93285977974451,55.15469529665869,65.68348933240752,54.83916815431336,40.06071721475388,38.986225602163614,42.09434860926112,45.9914420168713,45.58545592269272,56.64499657949172,66.48697023666026,62.217592813252004,1.791880340778363,3.0149161853316944,4.195438456038252,4.066785331715304,2.5711304435656945,1.5160717703971582,5.051610328384047,3.971116433142072,-3.855930500167269,-10.724078545904216,-10.224566160832369,-6.7224493405876045,-4.1772317833981205,2.0014239147248967,15.204912241649716,12.165165290125673,-0.873266254846385,1.6902478145993882,4.864135643523696,6.726097818585004,6.853786142371972,6.550760266473844,12.066871766260192,13.360810194634723,4.8396560575274625,-6.946223478013053,-11.648861543231758,-11.95731266666644,-11.786455054939324,-5.627425578546536,13.720629491139336,33.2500628268413,-2.665146595624748,-1.3246683707323064,0.6686971874854443,2.6593124868697005,4.282655698806279,5.0346884960766864,7.015261437876145,9.389693761492653,8.695586557694732,3.777855067891165,-1.4242953823993885,-5.234863326078836,-7.609223271541205,-7.628849493271433,-1.484282750510383,21.084897536715623,1.791880340778363,3.0149161853316944,4.195438456038252,4.066785331715304,2.5711304435656945,1.5160717703971582,5.051610328384047,3.971116433142072,-3.855930500167269,-10.724078545904216,-10.224566160832369,-6.7224493405876045,-4.1772317833981205,-7.628849493271433,15.204912241649716,12.165165290125673,0
7434.58625,7433.73625,7434.97125,7435.245,7435.26125,7435.3925,7443.5675,7447.12625,7440.530000000002,7437.5275,7434.81875,7428.987499999998,7431.835,7444.38625,7449.9275,7446.505227272727,50.678849942140104,49.22652311462039,49.851832101388226,51.009051335509795,51.05533335404245,50.54986378329114,60.70345167952561,61.66145338422425,51.27557942166121,50.406445813098394,44.7264776615376,39.625788724626716,44.9664623908715,61.3741428902069,60.54284809055522,53.96770796590605,1.1877526834523426,0.9551133906671004,0.8648639744118051,0.7450859210130698,0.6297384964231958,0.5492983212343701,1.1732946004400735,1.6281833420051592,0.8806977599149747,0.12498014539366152,-0.5290075022766012,-1.360668338548341,-1.2814720529661578,0.27525431297980074,1.5147849291800437,0.5604066570638124,-1.3677732265996383,-1.0909542570880149,-0.7216709053236627,-0.4654210807566415,-0.2581383880992689,-0.0403945348389243,1.0588975847117579,2.2947588991332855,2.1147992841847554,1.4922633964306442,0.6835797381290831,-0.7468201101819432,-1.354571853581092,0.08156273216536647,1.9755460349642815,2.7507708619224847,-2.5555259100519807,-2.046067647755115,-1.5865348797354677,-1.2105070017697113,-0.8878768845224647,-0.5896928560732944,-0.11439701572831547,0.6665755571281258,1.2341015242697808,1.3672832510369828,1.2125872404056843,0.6138482283663975,-0.07309980061493393,-0.19369158081443427,0.4607611057842382,2.1903642048586724,1.1877526834523426,0.9551133906671004,0.8648639744118051,0.7450859210130698,0.6297384964231958,0.5492983212343701,1.1732946004400735,1.6281833420051592,0.8806977599149747,0.12498014539366152,-0.5290075022766012,-1.360668338548341,-1.2814720529661578,-0.19369158081443427,1.5147849291800437,0.5604066570638124,0
8195.44125,8203.08375,8201.737500000001,8201.85125,8211.314999999999,8209.45125,8214.235,8217.33625,8207.8125,8196.55125,8192.236250000002,8197.3,8200.49875,8199.14875,8200.286250000001,8205.240454545454,46.46212862075042,53.799556976501215,51.995769749798576,52.144655458941344,60.96203253305824,56.586670862318286,60.215381975750724,60.636262881028706,50.06897535685098,43.74816235830039,41.129321827131065,46.59704949761893,48.75089979931654,47.33687743950757,49.518095305560024,52.62366701656593,-0.985249737874165,-0.3693533080495548,-0.020825907694534573,-0.08228504192557329,0.751852410691963,0.9864491022289322,1.1423142760402156,1.3155703772006326,0.25869376010581835,-1.4509806868016646,-2.488206148061341,-1.995272803012151,-1.1740081916323526,-0.7564367389487139,-0.3381111930938319,0.6290376578668097,0.29767619043832383,0.6407320322468877,0.9741619859960338,0.8510117162613824,1.930263429831939,2.6789380006302963,3.3745513147887323,4.202191810561999,3.477625540601366,1.21156283928849,-0.9833538698339908,-1.5813892235173626,-1.4527062470660894,-1.450947010701384,-1.2722360446596213,0.22947962012668455,1.2829259283124888,1.0100853402964425,0.9949878936905684,0.9332967581869556,1.1784110191399757,1.6924888984013642,2.232237038748517,2.8866214333613662,3.218931780495548,2.6625435260901544,1.5048522782273497,0.41388357949478827,-0.2786980554337368,-0.6945102717526701,-0.9341248515657894,-0.3995580377401251,-0.985249737874165,-0.3693533080495548,-0.020825907694534573,-0.08228504192557329,0.751852410691963,0.9864491022289322,1.1423142760402156,1.3155703772006326,0.25869376010581835,-1.4509806868016646,-2.488206148061341,-1.995272803012151,-1.1740081916323526,-0.6945102717526701,-0.3381111930938319,0.6290376578668097,0
8023.14625,8027.065,8028.69,8037.3049999999985,8029.53625,8028.3175,8028.57125,8014.825000000002,8017.2125,8012.6775,8018.6500000000015,8024.822499999998,8031.3225,8033.9575,8029.24875,8043.08409090909,56.700375154622975,61.05611588269555,62.94695555873122,68.07283179120907,55.855855469719714,56.81845906989683,54.52063373775793,43.75165375034405,46.031377753855324,43.91723206089252,49.443174173083584,55.170213704688855,59.90457969352308,61.0767177824776,55.21705327672672,61.31652440688857,0.4430151522463168,0.22321521405925449,0.18899820393484526,0.735806071513299,-0.11085265002093968,-0.7408470462775183,-0.9185133469296916,-2.481941258810416,-2.6689882521951542,-2.7042671908256986,-1.8983143280762271,-0.6712580398140395,0.6425626729242291,1.2587042829974329,0.8433831153012612,1.2267925053171664,6.605579775579827,6.5078957469349925,6.558241034432285,7.401507267036778,6.6465528800076745,5.692998951906247,5.132614323691996,2.496958296446792,0.9846588599471032,-0.4148762242984958,-0.6871269254652361,0.03132972940056788,1.5322422748763531,2.7221683129396297,2.7797994393940826,5.107830036065769,6.16256462333351,6.284680532875737,6.36924283049744,6.665701195523479,6.757405530028615,6.433845998183767,6.051127670621687,4.978899555257208,3.6536471121422576,2.2893909665272023,1.211187402610991,0.7025877692146074,0.8896796019521238,1.4634640299421966,1.9364163240928212,3.8810375307486025,0.4430151522463168,0.22321521405925449,0.18899820393484526,0.735806071513299,-0.11085265002093968,-0.7408470462775183,-0.9185133469296916,-2.481941258810416,-2.6689882521951542,-2.7042671908256986,-1.8983143280762271,-0.6712580398140395,0.6425626729242291,1.4634640299421966,0.8433831153012612,1.2267925053171664,0
8078.33125,8071.7425,8070.4125,8073.55125,8071.92375,8070.80375,8073.46875,8065.20875,8062.0525,8061.16625,8060.2675,8070.025,8074.35,8070.75375,8081.522500000001,8104.2275,54.99940700867596,46.41776893254139,46.2416770175216,51.08155625711573,48.233765502024355,46.015815472251184,51.062504815464045,39.86966443087532,39.112286972906325,38.4842460026,41.254905683255316,53.447957440772065,55.757926929802025,51.87171063344339,61.55175561970068,67.77483450225029,-1.0715275352252098,-1.904791451849248,-2.2957681194316404,-1.8116130970978144,-1.5133826584929708,-1.415384560192951,-0.8567555956108228,-1.3286779329257856,-1.7527997160639823,-1.6505940593746753,-1.3773763962978816,-0.03299629089348288,1.0227797914078902,0.9965851456489544,1.869429874106129,3.198526470365687,4.950296976011941,3.2720747674147788,1.7438365894445267,1.254536304028079,0.7695042075815763,0.14266353828497813,0.2206664603495483,-0.8294839117156698,-2.1206242287603345,-2.8541295601003185,-3.335879918608498,-2.192365647689257,-0.7194907842422253,-0.2490918463840899,1.4352823565254766,8.068602183443051,6.021824511237152,5.176866219264026,4.039604708876167,3.066149401125893,2.2828868660745467,1.5580480984779288,1.0774220559603709,0.4991940212101158,-0.3678245126963519,-1.2035355007256432,-1.9585035223106164,-2.1593693567957746,-1.7422705756501156,-1.2456769920330442,-0.4341475175806525,4.870075713077362,-1.0715275352252098,-1.904791451849248,-2.2957681194316404,-1.8116130970978144,-1.5133826584929708,-1.415384560192951,-0.8567555956108228,-1.3286779329257856,-1.7527997160639823,-1.6505940593746753,-1.3773763962978816,-0.03299629089348288,1.0227797914078902,-1.2456769920330442,1.869429874106129,3.198526470365687,0
8533.77,8540.30875,8543.925,8547.951250000002,8547.78625,8537.23875,8527.65,8521.45,8546.06375,8556.40875,8558.57,8551.974999999999,8554.265,8554.00875,8544.4375,8532.823863636364,66.46362388413291,69.68776674603933,69.90279089842288,71.14141690747655,68.33639573175063,54.37482019457554,47.30485836452459,43.71465943861888,62.21027319308378,64.87666643014563,61.78692587251432,57.0824698888989,58.8310697035424,56.02682553444222,49.720638596784895,44.87884284090745,0.7687564011747416,1.0748905080202436,1.235261481120431,1.0857263934709591,0.5876077552252514,-0.8081144721381026,-2.610265401829185,-3.783665595116229,-1.5666449939263356,0.6960038242564379,1.4607855584960006,0.5942721136642564,0.11225877208976964,-0.16577301313646142,-1.2787278493789218,-2.6355885300619906,8.5584809038819,9.3541840018961,10.153918746335878,10.554435768654002,10.411759300570338,8.857563552750436,5.94826029478736,2.9800375183885985,4.030921076501727,6.397333289619382,7.8992092146145305,7.442070834473269,7.01901365471258,6.738373437638074,5.178077038933225,-0.7008747325711407,7.789724502707159,8.279293493875858,8.918657265215444,9.468709375183044,9.824151545345089,9.665678024888537,8.558525696616545,6.763703113504827,5.597566070428061,5.701329465362943,6.438423656118529,6.8477987208090125,6.906754882622812,6.904146450774536,6.4568048883121465,1.9347137974908504,0.7687564011747416,1.0748905080202436,1.235261481120431,1.0857263934709591,0.5876077552252514,-0.8081144721381026,-2.610265401829185,-3.783665595116229,-1.5666449939263356,0.6960038242564379,1.4607855584960006,0.5942721136642564,0.11225877208976964,6.904146450774536,-1.2787278493789218,-2.6355885300619906,0
8161.66375,8168.50125,8173.08875,8171.051249999998,8173.309999999998,8182.067499999999,8167.9875,8150.501249999998,8145.967500000002,8142.7675,8141.29125,8143.5375,8150.93375,8160.2675,8161.42,8160.464545454544,52.28847073722585,58.26506212228432,57.780695580761225,55.86065923646484,57.688802338290785,61.84939554992389,48.790490819512044,41.55753321747156,39.314862935981466,39.54369650918047,38.87396687836276,41.23207807401629,48.84038761786263,53.103594626552436,54.792515325121634,51.63906444136003,1.8823654599277533,2.21671623184221,2.511978189374965,1.9746644533376687,1.7209362965389765,1.9224606644373103,0.6253362544504768,-2.2888748120540168,-3.604993924508234,-3.663673008638951,-3.4289470080798394,-2.3711613990066738,-0.8043115387559783,1.0527068428989268,1.8906890306759931,1.1984887022079582,-0.0020522321583484877,1.3565454039626277,2.926777882392344,3.4309799261454828,4.047006969492942,5.141419566480637,4.484767966017444,0.7086177807805143,-2.270765647277585,-4.1842513303136,-5.720666717677887,-5.963889787415611,-5.044196820882462,-2.8441793606029933,-1.170470674782791,0.7022832604505477,-1.884417692086101,-0.8601708278795821,0.4147996930173781,1.4563154728078138,2.3260706729539637,3.218958902043325,3.859431711566967,2.997492592834531,1.3342282772306486,-0.520578321674649,-2.291719709598047,-3.5927283884089363,-4.239885282126482,-3.89688620350192,-3.0611597054587847,-0.4962054417574106,1.8823654599277533,2.21671623184221,2.511978189374965,1.9746644533376687,1.7209362965389765,1.9224606644373103,0.6253362544504768,-2.2888748120540168,-3.604993924508234,-3.663673008638951,-3.4289470080798394,-2.3711613990066738,-0.8043115387559783,-3.89688620350192,1.8906890306759931,1.1984887022079582,0
